units,oq,odb,owb,rq,rdb,rwb,xq,xdb,xwb,total,db,wb
English Units,150,91,77,1550,75,62.3,,,,1700,76.411764705882348,63.597058823529416
English Units,150,91,77,1550,75,62.3,300,55,54.5,2000,73.2,62.2325
English Units,150,91,77,1550,75,62.3,125.5,60,58,1825.5,75.2834839769926,63.21227061079157
English Units,150,91,77,1600,72,60,,,,1750,73.628571428571419,61.457142857142856
English Units,150,91,77,1600,72,60,300,55,54.5,2050,70.902439024390247,60.4390243902439
English Units,150,91,77,1600,72,60,125.5,60,58,1875.5,72.716608904292187,61.225806451612904
English Units,150,91,77,0,75,62.3,,,,150,91,77
English Units,150,91,77,0,75,62.3,300,55,54.5,450,67,62
English Units,150,91,77,0,75,62.3,125.5,60,58,275.5,76.878402903811249,68.3448275862069
English Units,150,91,77,944,24,17,,,,1094,33.186471663619741,25.226691042047534
English Units,150,91,77,944,24,17,300,55,54.5,1394,37.880918220946917,31.526542324246769
English Units,150,91,77,944,24,17,125.5,60,58,1219.5,35.945879458794586,28.599425994259942
English Units,400,95,78,1550,75,62.3,,,,1950,79.1025641025641,65.52051282051282
English Units,400,95,78,1550,75,62.3,300,55,54.5,2250,75.888888888888886,64.051111111111112
English Units,400,95,78,1550,75,62.3,125.5,60,58,2075.5,77.947482534329083,65.065767284991566
English Units,400,95,78,1600,72,60,,,,2000,76.6,63.6
English Units,400,95,78,1600,72,60,300,55,54.5,2300,73.782608695652172,62.413043478260867
English Units,400,95,78,1600,72,60,125.5,60,58,2125.5,75.619854151964248,63.269348388614446
English Units,400,95,78,0,75,62.3,,,,400,95,78
English Units,400,95,78,0,75,62.3,300,55,54.5,700,77.857142857142861,67.928571428571431
English Units,400,95,78,0,75,62.3,125.5,60,58,525.5,86.641294005708858,73.223596574690774
English Units,400,95,78,944,24,17,,,,1344,45.13095238095238,35.154761904761905
English Units,400,95,78,944,24,17,300,55,54.5,1644,46.931873479318732,38.68491484184915
English Units,400,95,78,944,24,17,125.5,60,58,1469.5,46.400816604287172,37.1058183055461
English Units,1000,20,18,1550,75,62.3,,,,2550,53.431372549019606,44.927450980392152
English Units,1000,20,18,1550,75,62.3,300,55,54.5,2850,53.596491228070178,45.935087719298245
English Units,1000,20,18,1550,75,62.3,125.5,60,58,2675.5,53.739487946178279,45.540646608110634
English Units,1000,20,18,1600,72,60,,,,2600,52,43.84615384615384
English Units,1000,20,18,1600,72,60,300,55,54.5,2900,52.310344827586206,44.948275862068968
English Units,1000,20,18,1600,72,60,125.5,60,58,2725.5,52.368372775637496,44.497890295358651
English Units,1000,20,18,0,75,62.3,,,,1000,20,18
English Units,1000,20,18,0,75,62.3,300,55,54.5,1300,28.076923076923077,26.423076923076923
English Units,1000,20,18,0,75,62.3,125.5,60,58,1125.5,24.46023989338072,22.46023989338072
English Units,1000,20,18,944,24,17,,,,1944,21.942386831275719,17.514403292181072
English Units,1000,20,18,944,24,17,300,55,54.5,2244,26.361853832442065,22.459001782531193
English Units,1000,20,18,944,24,17,125.5,60,58,2069.5,24.250302005315294,19.969557864218409
English Units,0,91,77,1550,75,62.3,,,,1550,75,62.3
English Units,0,91,77,1550,75,62.3,300,55,54.5,1850,71.756756756756758,61.035135135135135
English Units,0,91,77,1550,75,62.3,125.5,60,58,1675.5,73.876454789615039,61.977917039689643
English Units,0,91,77,1600,72,60,,,,1600,72,60
English Units,0,91,77,1600,72,60,300,55,54.5,1900,69.3157894736842,59.131578947368425
English Units,0,91,77,1600,72,60,125.5,60,58,1725.5,71.127209504491447,59.854534917415243
English Units,0,91,77,0,75,62.3,300,55,54.5,300,55,54.5
English Units,0,91,77,0,75,62.3,125.5,60,58,125.5,60,58
English Units,0,91,77,944,24,17,,,,944,24,17
English Units,0,91,77,944,24,17,300,55,54.5,1244,31.475884244372992,26.043408360128616
English Units,0,91,77,944,24,17,125.5,60,58,1069.5,28.224403927068721,21.811126694717156
English Units,236,35,25,1550,75,62.3,,,,1786,69.7144456886898,57.371220604703247
English Units,236,35,25,1550,75,62.3,300,55,54.5,2086,67.598274209012459,56.958293384467879
English Units,236,35,25,1550,75,62.3,125.5,60,58,1911.5,69.076641381114314,57.4125032696835
English Units,236,35,25,1600,72,60,,,,1836,67.244008714596944,55.501089324618732
English Units,236,35,25,1600,72,60,300,55,54.5,2136,65.524344569288388,55.360486891385769
English Units,236,35,25,1600,72,60,125.5,60,58,1961.5,66.780525108335453,55.660973744583231
English Units,236,35,25,0,75,62.3,,,,236,35,25
English Units,236,35,25,0,75,62.3,300,55,54.5,536,46.194029850746269,41.511194029850749
English Units,236,35,25,0,75,62.3,125.5,60,58,361.5,43.679114799446751,36.456431535269708
English Units,236,35,25,944,24,17,,,,1180,26.2,18.6
English Units,236,35,25,944,24,17,300,55,54.5,1480,32.037837837837841,25.877027027027026
English Units,236,35,25,944,24,17,125.5,60,58,1305.5,29.449253159708924,22.387590961317503
Metric Units,150,91,77,1550,75,62.3,,,,1700,76.411764705882348,63.597058823529416
Metric Units,150,91,77,1550,75,62.3,300,55,54.5,2000,73.2,62.2325
Metric Units,150,91,77,1550,75,62.3,125.5,60,58,1825.5,75.2834839769926,63.21227061079157
Metric Units,150,91,77,1600,72,60,,,,1750,73.628571428571419,61.457142857142856
Metric Units,150,91,77,1600,72,60,300,55,54.5,2050,70.902439024390247,60.4390243902439
Metric Units,150,91,77,1600,72,60,125.5,60,58,1875.5,72.716608904292187,61.225806451612904
Metric Units,150,91,77,0,75,62.3,,,,150,91,77
Metric Units,150,91,77,0,75,62.3,300,55,54.5,450,67,62
Metric Units,150,91,77,0,75,62.3,125.5,60,58,275.5,76.878402903811249,68.3448275862069
Metric Units,150,91,77,944,24,17,,,,1094,33.186471663619741,25.226691042047534
Metric Units,150,91,77,944,24,17,300,55,54.5,1394,37.880918220946917,31.526542324246769
Metric Units,150,91,77,944,24,17,125.5,60,58,1219.5,35.945879458794586,28.599425994259942
Metric Units,400,95,78,1550,75,62.3,,,,1950,79.1025641025641,65.52051282051282
Metric Units,400,95,78,1550,75,62.3,300,55,54.5,2250,75.888888888888886,64.051111111111112
Metric Units,400,95,78,1550,75,62.3,125.5,60,58,2075.5,77.947482534329083,65.065767284991566
Metric Units,400,95,78,1600,72,60,,,,2000,76.6,63.6
Metric Units,400,95,78,1600,72,60,300,55,54.5,2300,73.782608695652172,62.413043478260867
Metric Units,400,95,78,1600,72,60,125.5,60,58,2125.5,75.619854151964248,63.269348388614446
Metric Units,400,95,78,0,75,62.3,,,,400,95,78
Metric Units,400,95,78,0,75,62.3,300,55,54.5,700,77.857142857142861,67.928571428571431
Metric Units,400,95,78,0,75,62.3,125.5,60,58,525.5,86.641294005708858,73.223596574690774
Metric Units,400,95,78,944,24,17,,,,1344,45.13095238095238,35.154761904761905
Metric Units,400,95,78,944,24,17,300,55,54.5,1644,46.931873479318732,38.68491484184915
Metric Units,400,95,78,944,24,17,125.5,60,58,1469.5,46.400816604287172,37.1058183055461
Metric Units,1000,20,18,1550,75,62.3,,,,2550,53.431372549019606,44.927450980392152
Metric Units,1000,20,18,1550,75,62.3,300,55,54.5,2850,53.596491228070178,45.935087719298245
Metric Units,1000,20,18,1550,75,62.3,125.5,60,58,2675.5,53.739487946178279,45.540646608110634
Metric Units,1000,20,18,1600,72,60,,,,2600,52,43.84615384615384
Metric Units,1000,20,18,1600,72,60,300,55,54.5,2900,52.310344827586206,44.948275862068968
Metric Units,1000,20,18,1600,72,60,125.5,60,58,2725.5,52.368372775637496,44.497890295358651
Metric Units,1000,20,18,0,75,62.3,,,,1000,20,18
Metric Units,1000,20,18,0,75,62.3,300,55,54.5,1300,28.076923076923077,26.423076923076923
Metric Units,1000,20,18,0,75,62.3,125.5,60,58,1125.5,24.46023989338072,22.46023989338072
Metric Units,1000,20,18,944,24,17,,,,1944,21.942386831275719,17.514403292181072
Metric Units,1000,20,18,944,24,17,300,55,54.5,2244,26.361853832442065,22.459001782531193
Metric Units,1000,20,18,944,24,17,125.5,60,58,2069.5,24.250302005315294,19.969557864218409
Metric Units,0,91,77,1550,75,62.3,,,,1550,75,62.3
Metric Units,0,91,77,1550,75,62.3,300,55,54.5,1850,71.756756756756758,61.035135135135135
Metric Units,0,91,77,1550,75,62.3,125.5,60,58,1675.5,73.876454789615039,61.977917039689643
Metric Units,0,91,77,1600,72,60,,,,1600,72,60
Metric Units,0,91,77,1600,72,60,300,55,54.5,1900,69.3157894736842,59.131578947368425
Metric Units,0,91,77,1600,72,60,125.5,60,58,1725.5,71.127209504491447,59.854534917415243
Metric Units,0,91,77,0,75,62.3,300,55,54.5,300,55,54.5
Metric Units,0,91,77,0,75,62.3,125.5,60,58,125.5,60,58
Metric Units,0,91,77,944,24,17,,,,944,24,17
Metric Units,0,91,77,944,24,17,300,55,54.5,1244,31.475884244372992,26.043408360128616
Metric Units,0,91,77,944,24,17,125.5,60,58,1069.5,28.224403927068721,21.811126694717156
Metric Units,236,35,25,1550,75,62.3,,,,1786,69.7144456886898,57.371220604703247
Metric Units,236,35,25,1550,75,62.3,300,55,54.5,2086,67.598274209012459,56.958293384467879
Metric Units,236,35,25,1550,75,62.3,125.5,60,58,1911.5,69.076641381114314,57.4125032696835
Metric Units,236,35,25,1600,72,60,,,,1836,67.244008714596944,55.501089324618732
Metric Units,236,35,25,1600,72,60,300,55,54.5,2136,65.524344569288388,55.360486891385769
Metric Units,236,35,25,1600,72,60,125.5,60,58,1961.5,66.780525108335453,55.660973744583231
Metric Units,236,35,25,0,75,62.3,,,,236,35,25
Metric Units,236,35,25,0,75,62.3,300,55,54.5,536,46.194029850746269,41.511194029850749
Metric Units,236,35,25,0,75,62.3,125.5,60,58,361.5,43.679114799446751,36.456431535269708
Metric Units,236,35,25,944,24,17,,,,1180,26.2,18.6
Metric Units,236,35,25,944,24,17,300,55,54.5,1480,32.037837837837841,25.877027027027026
Metric Units,236,35,25,944,24,17,125.5,60,58,1305.5,29.449253159708924,22.387590961317503
