purchase,sale,expenses,mortgage,commission,primary,status,year,income,newHome,salesCommission,excluded,rate,tax,netProceeds,cashOnHand,gain,taxable,top0,top15,niitOver,at0,at15,at20,niit
555000,1900000,300000,100000,0.07,Yes,Single,2025,260000,,133000,250000,0.21735045317220542,143885.99999999994,768114,1523114,911999.99999999977,661999.99999999977,48350,533400,200000,0,273400,388599.99999999977,25155.999999999989
180000,320000,15000,,0.06,Yes,Single,2025,40000,250000,19200,105800,0,0,105800,50800,105800,0,48350,533400,200000,0,0,0,0
250000,900000,0,50000,0,Yes,Single,2025,700000,400000,0,250000,0.238,95200,554800,354800,650000,400000,48350,533400,200000,0,0,400000,15200
400000,450000,20000,,0.05,Yes,Single,2025,90000,,22500,7500,0,0,7500,427500,7500,0,48350,533400,200000,0,0,0,0
200000,220000,0,,0,Yes,Single,2025,10000,,0,20000,0,0,20000,220000,20000,0,48350,533400,200000,0,0,0,0
200000,150000,0,,0.06,Yes,Single,2025,50000,,9000,0,0,0,-59000,141000,-59000,0,48350,533400,200000,0,0,0,0
200000,1200000,0,,0,Yes,Single,2025,150000,,0,250000,0.20990666666666666,157430,842570,1042570,1000000,750000,48350,533400,200000,0,383400,366600,26600
555000,1900000,300000,100000,0.07,No,Single,2025,260000,,133000,0,0.2230109649122807,203385.99999999994,708614,1463614,911999.99999999977,911999.99999999977,48350,533400,200000,0,273400,638599.99999999977,34655.999999999993
180000,320000,15000,,0.06,No,Single,2025,40000,250000,19200,0,0.13816162570888468,14617.5,91182.5,36182.5,105800,105800,48350,533400,200000,8350,97450,0,0
250000,900000,0,50000,0,No,Single,2025,700000,400000,0,0,0.238,154700,495300,295300,650000,650000,48350,533400,200000,0,0,650000,24700
400000,450000,20000,,0.05,No,Single,2025,90000,,22500,0,0.15,1125,6375,426375,7500,7500,48350,533400,200000,0,7500,0,0
200000,220000,0,,0,No,Single,2025,10000,,0,0,0,0,20000,220000,20000,20000,48350,533400,200000,20000,0,0,0
200000,150000,0,,0.06,No,Single,2025,50000,,9000,0,0,0,-59000,141000,-59000,0,48350,533400,200000,0,0,0,0
200000,1200000,0,,0,No,Single,2025,150000,,0,0,0.21693,216930,783070,983070,1000000,1000000,48350,533400,200000,0,383400,616600,36100
555000,1900000,300000,100000,0.07,Yes,"Married, filing jointly",2025,260000,,133000,500000,0.19673179611650482,81053.499999999942,830946.5,1585946.5,911999.99999999977,411999.99999999977,96700,600050,250000,0,340050,71949.999999999767,15655.999999999991
180000,320000,15000,,0.06,Yes,"Married, filing jointly",2025,40000,250000,19200,105800,0,0,105800,50800,105800,0,96700,600050,250000,0,0,0,0
250000,900000,0,50000,0,Yes,"Married, filing jointly",2025,700000,400000,0,500000,0.238,35700,614300,414300,650000,150000,96700,600050,250000,0,0,150000,5700
400000,450000,20000,,0.05,Yes,"Married, filing jointly",2025,90000,,22500,7500,0,0,7500,427500,7500,0,96700,600050,250000,0,0,0,0
200000,220000,0,,0,Yes,"Married, filing jointly",2025,10000,,0,20000,0,0,20000,220000,20000,0,96700,600050,250000,0,0,0,0
200000,150000,0,,0.06,Yes,"Married, filing jointly",2025,50000,,9000,0,0,0,-59000,141000,-59000,0,96700,600050,250000,0,0,0,0
200000,1200000,0,,0,Yes,"Married, filing jointly",2025,150000,,0,500000,0.185395,92697.5,907302.5,1107302.5,1000000,500000,96700,600050,250000,0,450050,49950,15200
555000,1900000,300000,100000,0.07,No,"Married, filing jointly",2025,260000,,133000,0,0.21935690789473683,200053.49999999994,711946.5,1466946.5,911999.99999999977,911999.99999999977,96700,600050,250000,0,340050,571949.99999999977,34655.999999999993
180000,320000,15000,,0.06,No,"Married, filing jointly",2025,40000,250000,19200,0,0.069612476370510393,7365,98435,43435,105800,105800,96700,600050,250000,56700,49100,0,0
250000,900000,0,50000,0,No,"Married, filing jointly",2025,700000,400000,0,0,0.238,154700,495300,295300,650000,650000,96700,600050,250000,0,0,650000,24700
400000,450000,20000,,0.05,No,"Married, filing jointly",2025,90000,,22500,0,0.016,120,7380,427380,7500,7500,96700,600050,250000,6700,800,0,0
200000,220000,0,,0,No,"Married, filing jointly",2025,10000,,0,0,0,0,20000,220000,20000,20000,96700,600050,250000,20000,0,0,0
200000,150000,0,,0.06,No,"Married, filing jointly",2025,50000,,9000,0,0,0,-59000,141000,-59000,0,96700,600050,250000,0,0,0,0
200000,1200000,0,,0,No,"Married, filing jointly",2025,150000,,0,0,0.2116975,211697.5,788302.5,988302.5,1000000,1000000,96700,600050,250000,0,450050,549950,34200
555000,1900000,300000,100000,0.07,Yes,"Married, filing separately",2025,260000,,133000,250000,0.23497885196374621,155555.99999999994,756444,1511444,911999.99999999977,661999.99999999977,48350,300000,125000,0,40000,621999.99999999977,25155.999999999989
180000,320000,15000,,0.06,Yes,"Married, filing separately",2025,40000,250000,19200,105800,0,0,105800,50800,105800,0,48350,300000,125000,0,0,0,0
250000,900000,0,50000,0,Yes,"Married, filing separately",2025,700000,400000,0,250000,0.238,95200,554800,354800,650000,400000,48350,300000,125000,0,0,400000,15200
400000,450000,20000,,0.05,Yes,"Married, filing separately",2025,90000,,22500,7500,0,0,7500,427500,7500,0,48350,300000,125000,0,0,0,0
200000,220000,0,,0,Yes,"Married, filing separately",2025,10000,,0,20000,0,0,20000,220000,20000,0,48350,300000,125000,0,0,0,0
200000,150000,0,,0.06,Yes,"Married, filing separately",2025,50000,,9000,0,0,0,-59000,141000,-59000,0,48350,300000,125000,0,0,0,0
200000,1200000,0,,0,Yes,"Married, filing separately",2025,150000,,0,250000,0.228,171000,829000,1029000,1000000,750000,48350,300000,125000,0,150000,600000,28500
555000,1900000,300000,100000,0.07,No,"Married, filing separately",2025,260000,,133000,0,0.23580701754385969,215055.99999999997,696944,1451944,911999.99999999977,911999.99999999977,48350,300000,125000,0,40000,871999.99999999977,34655.999999999993
180000,320000,15000,,0.06,No,"Married, filing separately",2025,40000,250000,19200,0,0.14563232514177693,15407.9,90392.1,35392.099999999977,105800,105800,48350,300000,125000,8350,97450,0,790.4
250000,900000,0,50000,0,No,"Married, filing separately",2025,700000,400000,0,0,0.238,154700,495300,295300,650000,650000,48350,300000,125000,0,0,650000,24700
400000,450000,20000,,0.05,No,"Married, filing separately",2025,90000,,22500,0,0.15,1125,6375,426375,7500,7500,48350,300000,125000,0,7500,0,0
200000,220000,0,,0,No,"Married, filing separately",2025,10000,,0,0,0,0,20000,220000,20000,20000,48350,300000,125000,20000,0,0,0
200000,150000,0,,0.06,No,"Married, filing separately",2025,50000,,9000,0,0,0,-59000,141000,-59000,0,48350,300000,125000,0,0,0,0
200000,1200000,0,,0,No,"Married, filing separately",2025,150000,,0,0,0.2305,230500,769500,969500,1000000,1000000,48350,300000,125000,0,150000,850000,38000
555000,1900000,300000,100000,0.07,Yes,Head of household,2025,260000,,133000,250000,0.21483534743202415,142220.99999999994,769779,1524779,911999.99999999977,661999.99999999977,64750,566700,200000,0,306700,355299.99999999977,25155.999999999989
180000,320000,15000,,0.06,Yes,Head of household,2025,40000,250000,19200,105800,0,0,105800,50800,105800,0,64750,566700,200000,0,0,0,0
250000,900000,0,50000,0,Yes,Head of household,2025,700000,400000,0,250000,0.238,95200,554800,354800,650000,400000,64750,566700,200000,0,0,400000,15200
400000,450000,20000,,0.05,Yes,Head of household,2025,90000,,22500,7500,0,0,7500,427500,7500,0,64750,566700,200000,0,0,0,0
200000,220000,0,,0,Yes,Head of household,2025,10000,,0,20000,0,0,20000,220000,20000,0,64750,566700,200000,0,0,0,0
200000,150000,0,,0.06,Yes,Head of household,2025,50000,,9000,0,0,0,-59000,141000,-59000,0,64750,566700,200000,0,0,0,0
200000,1200000,0,,0,Yes,Head of household,2025,150000,,0,250000,0.20768666666666666,155765,844235,1044235,1000000,750000,64750,566700,200000,0,416700,333300,26600
555000,1900000,300000,100000,0.07,No,Head of household,2025,260000,,133000,0,0.22118530701754385,201720.99999999994,710279,1465279,911999.99999999977,911999.99999999977,64750,566700,200000,0,306700,605299.99999999977,34655.999999999993
180000,320000,15000,,0.06,No,Head of household,2025,40000,250000,19200,0,0.11491020793950851,12157.5,93642.5,38642.5,105800,105800,64750,566700,200000,24750,81050,0,0
250000,900000,0,50000,0,No,Head of household,2025,700000,400000,0,0,0.238,154700,495300,295300,650000,650000,64750,566700,200000,0,0,650000,24700
400000,450000,20000,,0.05,No,Head of household,2025,90000,,22500,0,0.15,1125,6375,426375,7500,7500,64750,566700,200000,0,7500,0,0
200000,220000,0,,0,No,Head of household,2025,10000,,0,0,0,0,20000,220000,20000,20000,64750,566700,200000,20000,0,0,0
200000,150000,0,,0.06,No,Head of household,2025,50000,,9000,0,0,0,-59000,141000,-59000,0,64750,566700,200000,0,0,0,0
200000,1200000,0,,0,No,Head of household,2025,150000,,0,0,0.215265,215265,784735,984735,1000000,1000000,64750,566700,200000,0,416700,583300,36100
555000,1900000,300000,100000,0.07,Yes,Single,2026,260000,,133000,250000,0.21643655589123867,143280.99999999994,768719,1523719,911999.99999999977,661999.99999999977,49450,545500,200000,0,285500,376499.99999999977,25155.999999999989
180000,320000,15000,,0.06,Yes,Single,2026,40000,250000,19200,105800,0,0,105800,50800,105800,0,49450,545500,200000,0,0,0,0
250000,900000,0,50000,0,Yes,Single,2026,700000,400000,0,250000,0.238,95200,554800,354800,650000,400000,49450,545500,200000,0,0,400000,15200
400000,450000,20000,,0.05,Yes,Single,2026,90000,,22500,7500,0,0,7500,427500,7500,0,49450,545500,200000,0,0,0,0
200000,220000,0,,0,Yes,Single,2026,10000,,0,20000,0,0,20000,220000,20000,0,49450,545500,200000,0,0,0,0
200000,150000,0,,0.06,Yes,Single,2026,50000,,9000,0,0,0,-59000,141000,-59000,0,49450,545500,200000,0,0,0,0
200000,1200000,0,,0,Yes,Single,2026,150000,,0,250000,0.2091,156825,843175,1043175,1000000,750000,49450,545500,200000,0,395500,354500,26600
555000,1900000,300000,100000,0.07,No,Single,2026,260000,,133000,0,0.22234758771929825,202780.99999999994,709219,1464219,911999.99999999977,911999.99999999977,49450,545500,200000,0,285500,626499.99999999977,34655.999999999993
180000,320000,15000,,0.06,No,Single,2026,40000,250000,19200,0,0.13660207939508506,14452.5,91347.5,36347.5,105800,105800,49450,545500,200000,9450,96350,0,0
250000,900000,0,50000,0,No,Single,2026,700000,400000,0,0,0.238,154700,495300,295300,650000,650000,49450,545500,200000,0,0,650000,24700
400000,450000,20000,,0.05,No,Single,2026,90000,,22500,0,0.15,1125,6375,426375,7500,7500,49450,545500,200000,0,7500,0,0
200000,220000,0,,0,No,Single,2026,10000,,0,0,0,0,20000,220000,20000,20000,49450,545500,200000,20000,0,0,0
200000,150000,0,,0.06,No,Single,2026,50000,,9000,0,0,0,-59000,141000,-59000,0,49450,545500,200000,0,0,0,0
200000,1200000,0,,0,No,Single,2026,150000,,0,0,0.216325,216325,783675,983675,1000000,1000000,49450,545500,200000,0,395500,604500,36100
555000,1900000,300000,100000,0.07,Yes,"Married, filing jointly",2026,260000,,133000,500000,0.19507524271844656,80370.999999999942,831629,1586629,911999.99999999977,411999.99999999977,98900,613700,250000,0,353700,58299.999999999767,15655.999999999991
180000,320000,15000,,0.06,Yes,"Married, filing jointly",2026,40000,250000,19200,105800,0,0,105800,50800,105800,0,98900,613700,250000,0,0,0,0
250000,900000,0,50000,0,Yes,"Married, filing jointly",2026,700000,400000,0,500000,0.238,35700,614300,414300,650000,150000,98900,613700,250000,0,0,150000,5700
400000,450000,20000,,0.05,Yes,"Married, filing jointly",2026,90000,,22500,7500,0,0,7500,427500,7500,0,98900,613700,250000,0,0,0,0
200000,220000,0,,0,Yes,"Married, filing jointly",2026,10000,,0,20000,0,0,20000,220000,20000,0,98900,613700,250000,0,0,0,0
200000,150000,0,,0.06,Yes,"Married, filing jointly",2026,50000,,9000,0,0,0,-59000,141000,-59000,0,98900,613700,250000,0,0,0,0
200000,1200000,0,,0,Yes,"Married, filing jointly",2026,150000,,0,500000,0.18403,92015,907985,1107985,1000000,500000,98900,613700,250000,0,463700,36300,15200
555000,1900000,300000,100000,0.07,No,"Married, filing jointly",2026,260000,,133000,0,0.21860855263157894,199370.99999999994,712629,1467629,911999.99999999977,911999.99999999977,98900,613700,250000,0,353700,558299.99999999977,34655.999999999993
180000,320000,15000,,0.06,No,"Married, filing jointly",2026,40000,250000,19200,0,0.066493383742911152,7035,98765,43765,105800,105800,98900,613700,250000,58900,46900,0,0
250000,900000,0,50000,0,No,"Married, filing jointly",2026,700000,400000,0,0,0.238,154700,495300,295300,650000,650000,98900,613700,250000,0,0,650000,24700
400000,450000,20000,,0.05,No,"Married, filing jointly",2026,90000,,22500,0,0,0,7500,427500,7500,7500,98900,613700,250000,7500,0,0,0
200000,220000,0,,0,No,"Married, filing jointly",2026,10000,,0,0,0,0,20000,220000,20000,20000,98900,613700,250000,20000,0,0,0
200000,150000,0,,0.06,No,"Married, filing jointly",2026,50000,,9000,0,0,0,-59000,141000,-59000,0,98900,613700,250000,0,0,0,0
200000,1200000,0,,0,No,"Married, filing jointly",2026,150000,,0,0,0.211015,211015,788985,988985,1000000,1000000,98900,613700,250000,0,463700,536300,34200
555000,1900000,300000,100000,0.07,Yes,"Married, filing separately",2026,260000,,133000,250000,0.23446148036253775,155213.49999999994,756786.5,1511786.5,911999.99999999977,661999.99999999977,49450,306850,125000,0,46850,615149.99999999977,25155.999999999989
180000,320000,15000,,0.06,Yes,"Married, filing separately",2026,40000,250000,19200,105800,0,0,105800,50800,105800,0,49450,306850,125000,0,0,0,0
250000,900000,0,50000,0,Yes,"Married, filing separately",2026,700000,400000,0,250000,0.238,95200,554800,354800,650000,400000,49450,306850,125000,0,0,400000,15200
400000,450000,20000,,0.05,Yes,"Married, filing separately",2026,90000,,22500,7500,0,0,7500,427500,7500,0,49450,306850,125000,0,0,0,0
200000,220000,0,,0,Yes,"Married, filing separately",2026,10000,,0,20000,0,0,20000,220000,20000,0,49450,306850,125000,0,0,0,0
200000,150000,0,,0.06,Yes,"Married, filing separately",2026,50000,,9000,0,0,0,-59000,141000,-59000,0,49450,306850,125000,0,0,0,0
200000,1200000,0,,0,Yes,"Married, filing separately",2026,150000,,0,250000,0.22754333333333332,170657.5,829342.5,1029342.5,1000000,750000,49450,306850,125000,0,156850,593150,28500
555000,1900000,300000,100000,0.07,No,"Married, filing separately",2026,260000,,133000,0,0.23543146929824565,214713.49999999997,697286.5,1452286.5,911999.99999999977,911999.99999999977,49450,306850,125000,0,46850,865149.99999999977,34655.999999999993
180000,320000,15000,,0.06,No,"Married, filing separately",2026,40000,250000,19200,0,0.14407277882797731,15242.9,90557.1,35557.099999999977,105800,105800,49450,306850,125000,9450,96350,0,790.4
250000,900000,0,50000,0,No,"Married, filing separately",2026,700000,400000,0,0,0.238,154700,495300,295300,650000,650000,49450,306850,125000,0,0,650000,24700
400000,450000,20000,,0.05,No,"Married, filing separately",2026,90000,,22500,0,0.15,1125,6375,426375,7500,7500,49450,306850,125000,0,7500,0,0
200000,220000,0,,0,No,"Married, filing separately",2026,10000,,0,0,0,0,20000,220000,20000,20000,49450,306850,125000,20000,0,0,0
200000,150000,0,,0.06,No,"Married, filing separately",2026,50000,,9000,0,0,0,-59000,141000,-59000,0,49450,306850,125000,0,0,0,0
200000,1200000,0,,0,No,"Married, filing separately",2026,150000,,0,0,0.2301575,230157.5,769842.5,969842.5,1000000,1000000,49450,306850,125000,0,156850,843150,38000
555000,1900000,300000,100000,0.07,Yes,Head of household,2026,260000,,133000,250000,0.21386102719033231,141575.99999999994,770424,1525424,911999.99999999977,661999.99999999977,66200,579600,200000,0,319600,342399.99999999977,25155.999999999989
180000,320000,15000,,0.06,Yes,Head of household,2026,40000,250000,19200,105800,0,0,105800,50800,105800,0,66200,579600,200000,0,0,0,0
250000,900000,0,50000,0,Yes,Head of household,2026,700000,400000,0,250000,0.238,95200,554800,354800,650000,400000,66200,579600,200000,0,0,400000,15200
400000,450000,20000,,0.05,Yes,Head of household,2026,90000,,22500,7500,0,0,7500,427500,7500,0,66200,579600,200000,0,0,0,0
200000,220000,0,,0,Yes,Head of household,2026,10000,,0,20000,0,0,20000,220000,20000,0,66200,579600,200000,0,0,0,0
200000,150000,0,,0.06,Yes,Head of household,2026,50000,,9000,0,0,0,-59000,141000,-59000,0,66200,579600,200000,0,0,0,0
200000,1200000,0,,0,Yes,Head of household,2026,150000,,0,250000,0.20682666666666666,155120,844880,1044880,1000000,750000,66200,579600,200000,0,429600,320400,26600
555000,1900000,300000,100000,0.07,No,Head of household,2026,260000,,133000,0,0.22047807017543858,201075.99999999994,710924,1465924,911999.99999999977,911999.99999999977,66200,579600,200000,0,319600,592399.99999999977,34655.999999999993
180000,320000,15000,,0.06,No,Head of household,2026,40000,250000,19200,0,0.11285444234404537,11940,93860,38860,105800,105800,66200,579600,200000,26200,79600,0,0
250000,900000,0,50000,0,No,Head of household,2026,700000,400000,0,0,0.238,154700,495300,295300,650000,650000,66200,579600,200000,0,0,650000,24700
400000,450000,20000,,0.05,No,Head of household,2026,90000,,22500,0,0.15,1125,6375,426375,7500,7500,66200,579600,200000,0,7500,0,0
200000,220000,0,,0,No,Head of household,2026,10000,,0,0,0,0,20000,220000,20000,20000,66200,579600,200000,20000,0,0,0
200000,150000,0,,0.06,No,Head of household,2026,50000,,9000,0,0,0,-59000,141000,-59000,0,66200,579600,200000,0,0,0,0
200000,1200000,0,,0,No,Head of household,2026,150000,,0,0,0.21462,214620,785380,985380,1000000,1000000,66200,579600,200000,0,429600,570400,36100
