units,typeUS,valueUS,subUS,typeSI,valueSI,subSI,radiusIn,radiusFt,diameterIn,diameterFt,circleAreaIn,circleAreaFt,circumIn,circumFt,sphereVolIn,sphereVolFt,sphereAreaIn,sphereAreaFt,radiusCm,radiusM,diameterCm,diameterM,circleAreaCm,circleAreaM,circumCm,circumM,sphereVolCm,sphereVolM,sphereAreaCm,sphereAreaM
US,Radius,0.5,in,,,,0.5,0.041666666666666664,1,0.083333333333333329,0.78539816339744828,0.00545415391248228,3.1415926535897931,0.26179938779914941,0.52359877559829882,0.00030300855069345997,3.1415926535897931,0.021816615649929118,1.27,0.0127,2.54,0.0254,5.0670747909749769,0.00050670747909749769,7.9796453401180747,0.079796453401180745,8.580246646050961,8.58024664605096E-06,20.268299163899908,0.0020268299163899908
US,Radius,11,in,,,,11,0.91666666666666663,22,1.8333333333333333,380.132711084365,2.6398104936414235,69.115038378975441,5.7595865315812871,5575.2797625706862,3.2264350477839621,1520.53084433746,10.559241974565692,27.94,0.27940000000000004,55.88,0.55880000000000007,2452.464198831889,0.2452464198831889,175.55219748259762,1.7555219748259763,91362.46628715063,0.091362466287150626,9809.8567953275578,0.980985679532756
US,Radius,5575,in,,,,5575,464.58333333333331,11150,929.16666666666663,97642663.168979257,678074.04978457815,35028.758087526192,2919.063173960516,725810462889.41248,420029203.06100261,390570652.675917,2712296.1991383126,14160.5,141.605,28321,283.21,629951405.70098662,62995.140570098665,88973.045542316526,889.73045542316527,11893902507238.426,11893902.507238425,2519805622.8039465,251980.5622803946
US,Radius,1234.567,in,,,,1234.567,102.88058333333333,2469.134,205.76116666666667,4788276.2793266159,33251.918606434832,7757.01323512878,646.417769594065,7881930508.4525623,4561302.3775767144,19153105.117306463,133007.67442573936,3135.80018,31.3580018,6271.60036,62.7160036,30892043.243703596,3089.2043243703597,19702.8136172271,197.02813617227102,129161699685.56467,129161.69968556467,123568172.97481441,12356.817297481441
US,Diameter,0.5,in,,,,0.25,0.020833333333333332,0.5,0.041666666666666664,0.19634954084936207,0.00136353847812057,1.5707963267948966,0.1308996938995747,0.065449846949787352,3.7876068836682497E-05,0.78539816339744828,0.00545415391248228,0.635,0.00635,1.27,0.0127,1.2667686977437442,0.00012667686977437442,3.9898226700590373,0.039898226700590372,1.0725308307563701,1.07253083075637E-06,5.0670747909749769,0.00050670747909749769
US,Diameter,11,in,,,,5.5,0.45833333333333331,11,0.91666666666666663,95.033177771091246,0.65995262341035588,34.557519189487721,2.8797932657906435,696.90997032133578,0.40330438097299526,380.132711084365,2.6398104936414231,13.97,0.13970000000000002,27.94,0.27940000000000004,613.11604970797225,0.061311604970797226,87.77609874129881,0.87776098741298814,11420.308285893829,0.011420308285893828,2452.4641988318895,0.245246419883189
US,Diameter,5575,in,,,,2787.5,232.29166666666666,5575,464.58333333333331,24410665.792244814,169518.51244614454,17514.379043763096,1459.531586980258,90726307861.176559,52503650.382625327,97642663.168979257,678074.04978457815,7080.25,70.8025,14160.5,141.605,157487851.42524666,15748.785142524666,44486.522771158263,444.86522771158263,1486737813404.8032,1486737.8134048032,629951405.70098662,62995.140570098651
US,Diameter,1234.567,in,,,,617.2835,51.440291666666667,1234.567,102.88058333333333,1197069.069831654,8312.9796516087081,3878.50661756439,323.20888479703251,985241313.55657029,570162.7971970893,4788276.2793266159,33251.91860643484,1567.90009,15.6790009,3135.80018,31.3580018,7723010.8109258991,772.30108109258992,9851.40680861355,98.514068086135509,16145212460.695583,16145.212460695584,30892043.243703604,3089.20432437036
US,Area of a Circle,0.5,in,,,,0.3989422804014327,0.033245190033452728,0.79788456080286541,0.066490380066905455,0.5,0.003472222222222222,2.5066282746310007,0.20888568955258338,0.26596152026762182,0.0001539129168215404,2,0.013888888888888893,1.0133133922196391,0.010133133922196391,2.0266267844392782,0.020266267844392782,3.2258,0.00032258,6.366835817562742,0.063668358175627424,4.358328454162816,4.3583284541628162E-06,12.903200000000002,0.0012903200000000002
US,Area of a Circle,11,in,,,,1.8712051592547776,0.15593376327123146,3.7424103185095552,0.31186752654246291,11,0.0763888888888889,11.757128763348256,0.97976073027902133,27.444342335736739,0.015882142555403204,44,0.30555555555555552,4.7528611045071347,0.047528611045071348,9.50572220901427,0.0950572220901427,70.9676,0.0070967600000000006,29.863107058904568,0.2986310705890457,449.7321942936274,0.00044973219429362741,283.87039999999996,0.028387039999999995
US,Area of a Circle,5575,in,,,,42.125735785557893,3.5104779821298244,84.251471571115786,7.0209559642596489,5575,38.715277777777779,264.68380414194667,22.056983678495556,313134.63600598031,181.21217361457195,22300,154.86111111111111,106.99936889531705,1.0699936889531705,213.9987377906341,2.139987377906341,35967.67,3.596767,672.29686252054455,6.7229686252054455,5131357.3208467029,5.1313573208467025,143870.67999999996,14.387068
US,Area of a Circle,1234.567,in,,,,19.823594054970556,1.6519661712475464,39.647188109941112,3.3039323424950928,1234.5670000000002,8.5733819444444457,124.55531490168359,10.379609575140298,32631.406722217118,18.883915927208982,4938.2680000000009,34.29352777777779,50.351928899625214,0.50351928899625209,100.70385779925043,1.0070385779925042,7964.9324572000014,0.79649324572000013,316.3704998502763,3.1637049985027632,534732.950367002,0.53473295036700208,31859.729828800009,3.1859729828799996
US,Circumference,0.5,in,,,,0.079577471545947673,0.0066314559621623061,0.15915494309189535,0.013262911924324612,0.019894367886486918,0.00013815533254504805,0.5,0.041666666666666664,0.0021108579925487037,1.2215613382804999E-06,0.079577471545947673,0.00055262133018019221,0.20212677772670709,0.0020212677772670708,0.40425355545341418,0.0040425355545341416,0.128350503856459,1.28350503856459E-05,1.27,0.0127,0.034590765018807125,3.4590765018807126E-08,0.51340201542583608,5.1340201542583593E-05
US,Circumference,11,in,,,,1.7507043740108488,0.14589203116757074,3.5014087480216975,0.29178406233514148,9.6288740570596687,0.066867180951803259,11,0.91666666666666663,22.476415904658598,0.013007185130010764,38.515496228238675,0.26746872380721304,4.4467891099875558,0.044467891099875562,8.8935782199751117,0.088935782199751123,62.121643866526156,0.0062121643866526154,27.94,0.27940000000000004,368.32246592025831,0.0003683224659202583,248.48657546610463,0.024848657546610468
US,Circumference,5575,in,,,,887.28880773731657,73.940733978109719,1774.5776154746331,147.88146795621944,2473317.55156777,17175.816330331738,5575,464.58333333333331,2926062641.9817939,1693323.2881839084,9893270.20627108,68703.265321326951,2253.7135716527841,22.537135716527843,4507.4271433055683,45.074271433055685,15956855.515694626,1595.6855515694626,14160.5,141.605,47949575782.164742,47949.575782164742,63827422.0627785,6382.7422062778505
US,Circumference,1234.567,in,,,,196.48744062813196,16.373953385677662,392.97488125626393,32.747906771355325,121288.45505697549,842.2809378956631,1234.567,102.88058333333333,31775544.149180431,18388.625086331267,485153.820227902,3369.1237515826524,499.0780991954552,4.9907809919545523,998.15619839091039,9.9815619839091045,782504.596645583,78.2504596645583,3135.80018,31.3580018,520707875.60744524,520.7078756074452,3130018.3865823327,313.00183865823328
US,Volume of a Sphere,0.5,in,,,,0.49237251092134826,0.041031042576779024,0.98474502184269652,0.082062085153558048,0.76161847317244447,0.0052890171748086424,3.0936677262801355,0.257805643856678,0.49999999999999994,0.00028935185185185184,3.0464738926897779,0.02115606869923457,1.2506261777402246,0.012506261777402246,2.5012523554804491,0.025012523554804492,4.9136577415193425,0.0004913657741519343,7.8579160247515443,0.078579160247515448,8.1935319999999976,8.1935319999999979E-06,19.65463096607737,0.0019654630966077372
US,Volume of a Sphere,11,in,,,,1.3796471409351669,0.11497059507793057,2.7592942818703339,0.22994119015586115,5.9797898717840976,0.041526318554056231,8.668578645016165,0.722381553751347,10.999999999999998,0.0063657407407407395,23.91915948713639,0.1661052742162249,3.5043037379753241,0.035043037379753242,7.0086074759506483,0.070086074759506484,38.579212336802286,0.0038579212336802286,22.018189758341059,0.22018189758341059,180.25770399999996,0.00018025770399999997,154.31684934720914,0.015431684934720915
US,Volume of a Sphere,5575,in,,,,10.999816006856241,0.91665133390468678,21.999632013712482,1.8333026678093736,380.11999449752642,2.6397221840106,69.113882315957966,5.7594901929964974,5574.9999999999964,3.2262731481481461,1520.4799779901057,10.558888736042402,27.939532657414851,0.27939532657414851,55.8790653148297,0.558790653148297,2452.3821565002413,0.24523821565002413,175.54926108253323,1.7554926108253324,91357.88179999993,0.091357881799999929,9809.5286260009652,0.98095286260009651
US,Volume of a Sphere,1234.567,in,,,,6.654907421730206,0.55457561847751713,13.309814843460412,1.1091512369550343,139.13420447842518,0.966209753322397,41.814016532855611,3.4845013777379674,1234.5669999999998,0.71444849537037025,556.5368179137007,3.864839013289588,16.903464851194723,0.16903464851194724,33.806929702389446,0.33806929702389449,897.63823361300786,0.089763823361300787,106.20760199345325,1.0620760199345325,20230.928441287993,0.020230928441287994,3590.5529344520319,0.35905529344520321
US,Area of a Sphere,0.5,in,,,,0.19947114020071635,0.016622595016726364,0.3989422804014327,0.033245190033452728,0.125,0.00086805555555555551,1.2533141373155003,0.10444284477629169,0.033245190033452728,1.923911460269255E-05,0.5,0.0034722222222222233,0.50665669610981956,0.0050665669610981956,1.0133133922196391,0.010133133922196391,0.80645,8.0645E-05,3.183417908781371,0.031834179087813712,0.544791056770352,5.44791056770352E-07,3.2258000000000004,0.00032258000000000005
US,Area of a Sphere,11,in,,,,0.9356025796273888,0.077966881635615728,1.8712051592547776,0.15593376327123146,2.75,0.019097222222222224,5.8785643816741278,0.48988036513951067,3.4305427919670923,0.0019852678194254006,11,0.076388888888888881,2.3764305522535674,0.023764305522535674,4.7528611045071347,0.047528611045071348,17.7419,0.0017741900000000001,14.931553529452284,0.14931553529452285,56.216524286703425,5.6216524286703426E-05,70.96759999999999,0.0070967599999999988
US,Area of a Sphere,5575,in,,,,21.062867892778947,1.7552389910649122,42.125735785557893,3.5104779821298244,1393.75,9.6788194444444446,132.34190207097333,11.028491839247778,39141.829500747539,22.651521701821494,5575,38.715277777777779,53.499684447658524,0.53499684447658524,106.99936889531705,1.0699936889531705,8991.9175,0.89919175,336.14843126027228,3.3614843126027227,641419.66510583786,0.64141966510583781,35967.669999999991,3.596767
US,Area of a Sphere,1234.567,in,,,,9.911797027485278,0.82598308562377321,19.823594054970556,1.6519661712475464,308.64175000000006,2.1433454861111114,62.277657450841794,5.1898047875701492,4078.9258402771397,2.3604894909011227,1234.5670000000002,8.5733819444444475,25.175964449812607,0.25175964449812605,50.351928899625214,0.50351928899625209,1991.2331143000004,0.19912331143000003,158.18524992513815,1.5818524992513816,66841.618795875256,0.06684161879587526,7964.9324572000023,0.79649324571999991
US,Radius,0.5,ft,,,,6,0.5,12,1,113.09733552923255,0.78539816339744828,37.699111843077517,3.1415926535897931,904.7786842338603,0.52359877559829882,452.38934211693021,3.1415926535897931,15.24,0.1524,30.48,0.3048,729.65876990039669,0.072965876990039674,95.755744081416893,0.95755744081416894,14826.666204376059,0.014826666204376058,2918.6350796015868,0.2918635079601587
US,Radius,11,ft,,,,132,11,264,22,54739.110396148557,380.132711084365,829.38046054770541,69.115038378975456,9634083.4297221452,5575.2797625706862,218956.44158459423,1520.53084433746,335.28000000000003,3.3528000000000002,670.56000000000006,6.7056000000000004,353154.84463179205,35.3154844631792,2106.6263697911718,21.066263697911719,157874341.7441963,157.8743417441963,1412619.3785271684,141.26193785271681
US,Radius,5575,ft,,,,66900,5575,133800,11150,14060543496.333014,97642663.168979257,420345.0970503143,35028.758087526192,1254200479872904.8,725810462889.41248,56242173985.332054,390570652.675917,169926,1699.26,339852,3398.52,90713002420.942078,9071300.2420942076,1067676.5465077984,10676.765465077984,2.0552663532508E+16,20552663532.508,362852009683.76831,36285200.96837683
US,Radius,1234.567,ft,,,,14814.804,1234.567,29629.608,2469.134,689511784.22303283,4788276.2793266168,93084.158821545367,7757.01323512878,13619975918606.029,7881930508.4525633,2758047136.8921313,19153105.117306463,37629.60216,376.2960216,75259.20432,752.5920432,4448454227.0933189,444845.42270933191,236433.76340672522,2364.3376340672521,223191417056655.78,223191417.05665579,17793816908.373276,1779381.6908373274
US,Diameter,0.5,ft,,,,3,0.25,6,0.5,28.274333882308138,0.19634954084936207,18.849555921538759,1.5707963267948966,113.09733552923254,0.065449846949787352,113.09733552923255,0.78539816339744828,7.62,0.0762,15.24,0.1524,182.41469247509917,0.018241469247509919,47.877872040708446,0.47877872040708447,1853.3332755470074,0.0018533332755470073,729.65876990039669,0.072965876990039674
US,Diameter,11,ft,,,,66,5.5,132,11,13684.777599037139,95.033177771091246,414.69023027385271,34.557519189487728,1204260.4287152681,696.90997032133578,54739.110396148557,380.132711084365,167.64000000000001,1.6764000000000001,335.28000000000003,3.3528000000000002,88288.711157948012,8.8288711157948,1053.3131848955859,10.533131848955859,19734292.718024537,19.734292718024538,353154.8446317921,35.3154844631792
US,Diameter,5575,ft,,,,33450,2787.5,66900,5575,3515135874.0832534,24410665.792244814,210172.54852515715,17514.379043763096,156775059984113.09,90726307861.176559,14060543496.333014,97642663.168979257,84963,849.63,169926,1699.26,22678250605.235519,2267825.0605235519,533838.27325389918,5338.3827325389921,2.5690829415635E+15,2569082941.5635,90713002420.942078,9071300.2420942076
US,Diameter,1234.567,ft,,,,7407.402,617.2835,14814.804,1234.567,172377946.05575821,1197069.0698316542,46542.079410772683,3878.50661756439,1702496989825.7537,985241313.55657041,689511784.22303283,4788276.2793266159,18814.80108,188.1480108,37629.60216,376.2960216,1112113556.7733297,111211.35567733298,118216.88170336261,1182.1688170336261,27898927132081.973,27898927.132081974,4448454227.0933189,444845.42270933185
US,Area of a Circle,0.5,ft,,,,4.7873073648171918,0.39894228040143265,9.5746147296343835,0.79788456080286529,71.999999999999986,0.49999999999999989,30.079539295572,2.5066282746310002,459.5815070224503,0.26596152026762171,287.99999999999994,1.9999999999999998,12.159760706635668,0.12159760706635668,24.319521413271335,0.24319521413271336,464.51519999999994,0.046451519999999996,76.402029810752879,0.76402029810752881,7531.1915687933415,0.0075311915687933419,1858.0607999999997,0.18580608
US,Area of a Circle,11,ft,,,,22.454461911057329,1.8712051592547774,44.908923822114659,3.7424103185095547,1583.9999999999998,10.999999999999998,141.08554516017907,11.757128763348256,47423.823556153067,27.444342335736728,6335.9999999999991,43.999999999999986,57.034333254085617,0.57034333254085612,114.06866650817123,1.1406866650817122,10219.334399999998,1.0219334399999997,358.35728470685484,3.5835728470685484,777137.23173938785,0.77713723173938787,40877.337599999992,4.087733759999999
US,Area of a Circle,5575,ft,,,,505.50882942669477,42.1257357855579,1011.0176588533895,84.2514715711158,802800.00000000012,5575.0000000000009,3176.2056497033605,264.68380414194672,541096651.01833415,313134.63600598043,3211200.0000000005,22300.000000000004,1283.9924267438048,12.839924267438048,2567.9848534876096,25.679848534876097,5179344.48,517.93444800000009,8067.562350246536,80.675623502465356,8866985450.4231071,8866.985450423108,20717377.92,2071.7377920000008
US,Area of a Circle,1234.567,ft,,,,237.88312865964664,19.823594054970552,475.76625731929329,39.647188109941105,177777.648,1234.567,1494.6637788202029,124.55531490168357,56387070.815991156,32631.406722217103,711110.592,4938.2679999999991,604.22314679550243,6.0422314679550242,1208.4462935910049,12.084462935910048,1146950.2738368,114.69502738367999,3796.4459982033154,37.964459982033155,924018538.23417926,924.01853823417923,4587801.0953472,458.78010953471983
US,Circumference,0.5,ft,,,,0.954929658551372,0.079577471545947673,1.909859317102744,0.15915494309189535,2.8647889756541161,0.019894367886486918,6,0.5,3.6475626111241595,0.0021108579925487032,11.459155902616464,0.079577471545947673,2.4255213327204848,0.024255213327204848,4.8510426654409695,0.048510426654409695,18.482472555330094,0.0018482472555330094,15.24,0.1524,59.772841952498709,5.977284195249871E-05,73.929890221320363,0.0073929890221320366
US,Circumference,11,ft,,,,21.008452488130185,1.7507043740108488,42.016904976260371,3.5014087480216975,1386.5578642165922,9.6288740570596687,132,11,38839.246683250058,22.476415904658598,5546.2314568663687,38.515496228238675,53.36146931985067,0.53361469319850674,106.72293863970134,1.0672293863970135,8945.5167167797663,0.89455167167797667,335.28000000000003,3.3528000000000002,636461.22111020633,0.63646122111020631,35782.066867119065,3.5782066867119071
US,Circumference,5575,ft,,,,10647.465692847798,887.28880773731646,21294.931385695596,1774.5776154746329,356157727.42575884,2473317.5515677696,66900,5575,5056236245344.5391,2926062641.9817934,1424630909.7030354,9893270.2062710784,27044.562859833408,270.44562859833405,54089.125719666816,540.89125719666811,2297787194.2600255,229778.71942600256,169926,1699.26,82856866951580.656,82856866.951580659,9191148777.0401039,919114.87770401023
US,Circumference,1234.567,ft,,,,2357.8492875375837,196.48744062813196,4715.6985750751674,392.97488125626393,17465537.528204475,121288.45505697552,14814.804000000002,1234.5670000000002,54908140289.7838,31775544.149180438,69862150.1128179,485153.820227902,5988.937190345463,59.889371903454631,11977.874380690926,119.77874380690926,112680661.916964,11268.0661916964,37629.60216,376.2960216,899783209049.66553,899783.20904966549,450722647.66785604,45072.2647667856
US,Volume of a Sphere,0.5,ft,,,,5.9084701310561787,0.49237251092134821,11.816940262112357,0.98474502184269641,109.67306013683198,0.76161847317244424,37.124012715361623,3.0936677262801351,863.99999999999977,0.49999999999999989,438.69224054732791,3.046473892689777,15.007514132882694,0.15007514132882693,30.015028265765388,0.30015028265765387,707.56671477878524,0.070756671477878522,94.294992297018524,0.94294992297018521,14158.423295999995,0.014158423295999995,2830.2668591151405,0.28302668591151403
US,Volume of a Sphere,11,ft,,,,16.555765691222003,1.3796471409351669,33.111531382444007,2.7592942818703339,861.08974153691008,5.9797898717840976,104.02294374019398,8.668578645016165,19007.999999999996,10.999999999999998,3444.3589661476403,23.91915948713639,42.051644855703891,0.4205164485570389,84.103289711407783,0.8410328971140778,5555.4065764995294,0.555540657649953,264.21827710009273,2.6421827710009271,311485.31251199992,0.3114853125119999,22221.626305998117,2.2221626305998119
US,Volume of a Sphere,5575,ft,,,,131.99779208227488,10.999816006856241,263.99558416454977,21.999632013712482,54737.279207643805,380.11999449752642,829.36658779149548,69.113882315957952,9633599.9999999925,5574.9999999999955,218949.11683057522,1520.4799779901057,335.27439188897819,3.3527439188897818,670.54878377795637,6.7054878377795637,353143.03053603478,35.314303053603481,2106.5911329903984,21.065911329903983,157866419.75039986,157.86641975039987,1412572.1221441387,141.25721221441387
US,Volume of a Sphere,1234.567,ft,,,,79.858889060762465,6.6549074217302051,159.71777812152493,13.30981484346041,20035.325444893224,139.13420447842518,501.7681983942673,41.814016532855611,2133331.7759999987,1234.5669999999993,80141.3017795729,556.53681791370059,202.84157821433666,2.0284157821433668,405.68315642867333,4.0568315642867336,129259.90564027312,12.925990564027313,1274.4912239214389,12.744912239214388,34959044.346545637,34.959044346545639,517039.62256109249,51.70396225610925
US,Area of a Sphere,0.5,ft,,,,2.3936536824085963,0.19947114020071635,4.7873073648171927,0.3989422804014327,18.000000000000004,0.12500000000000003,15.039769647786004,1.2533141373155003,57.447688377806315,0.033245190033452728,72.000000000000014,0.5,6.0798803533178347,0.060798803533178347,12.159760706635669,0.12159760706635669,116.12880000000003,0.011612880000000003,38.201014905376454,0.38201014905376451,941.39894609916814,0.00094139894609916817,464.51520000000005,0.04645152000000001
US,Area of a Sphere,11,ft,,,,11.227230955528665,0.93560257962738869,22.454461911057329,1.8712051592547774,395.99999999999994,2.7499999999999996,70.542772580089533,5.8785643816741278,5927.9779445191334,3.430542791967091,1583.9999999999998,10.999999999999996,28.517166627042808,0.28517166627042806,57.034333254085617,0.57034333254085612,2554.8335999999995,0.25548335999999994,179.17864235342742,1.7917864235342742,97142.153967423481,0.097142153967423484,10219.334399999998,1.0219334399999997
US,Area of a Sphere,5575,ft,,,,252.75441471334736,21.062867892778947,505.50882942669472,42.125735785557893,200699.99999999997,1393.7499999999998,1588.10282485168,132.34190207097333,67637081.377291739,39141.829500747532,802799.99999999988,5575,641.99621337190229,6.4199621337190225,1283.9924267438046,12.839924267438045,1294836.1199999999,129.483612,4033.7811751232671,40.337811751232671,1108373181.3028877,1108.3731813028876,5179344.4799999995,517.93444799999986
US,Area of a Sphere,1234.567,ft,,,,118.94156432982334,9.911797027485278,237.88312865964667,19.823594054970556,44444.412000000004,308.64175,747.33188941010155,62.277657450841794,7048383.8519988963,4078.9258402771393,177777.64800000002,1234.5670000000002,302.11157339775127,3.0211157339775125,604.22314679550254,6.0422314679550251,286737.56845920003,28.673756845920003,1898.2229991016579,18.982229991016581,115502317.27927244,115.50231727927243,1146950.2738368001,114.69502738368
Metric,,,,Radius,0.5,cm,0.19685039370078738,0.016404199475065617,0.39370078740157477,0.032808398950131233,0.12173695880052207,0.00084539554722584773,1.2368475014133042,0.10307062511777536,0.031951957690425734,1.8490716256033411E-05,0.48694783520208829,0.0033815821889033909,0.49999999999999994,0.0049999999999999992,0.99999999999999989,0.0099999999999999985,0.78539816339744817,7.8539816339744814E-05,3.1415926535897927,0.031415926535897927,0.52359877559829859,5.2359877559829861E-07,3.1415926535897922,0.0003141592653589792
Metric,,,,Radius,11,cm,4.3307086614173231,0.36089238845144361,8.6614173228346463,0.72178477690288723,58.9206880594527,0.40917144485731044,27.2106450310927,2.2675537525910583,340.22444548765338,0.19688914669424384,235.6827522378108,1.6366857794292418,11.000000000000002,0.11000000000000001,22.000000000000004,0.22000000000000003,380.13271108436504,0.038013271108436504,69.115038378975456,0.69115038378975457,5575.2797625706871,0.005575279762570687,1520.5308443374604,0.15205308443374602
Metric,,,,Radius,5575,cm,2194.8818897637793,182.90682414698162,4389.7637795275587,365.81364829396324,15134643.060477903,105101.68791998544,13790.849640758343,1149.2374700631951,44291671948.642677,25631754.599908955,60538572.241911612,420406.75167994178,5575,55.75,11150,111.5,97642663.168979242,9764.2663168979234,35028.758087526192,350.28758087526194,725810462889.41223,725810.46288941219,390570652.675917,39057.065267591708
Metric,,,,Radius,1234.567,cm,486.05,40.50416666666667,972.1,81.00833333333334,742184.307664241,5154.057692112784,3053.9422185546377,254.49518487955314,480984910.32027239,278347.74902793538,2968737.2306569638,20616.23076845114,1234.567,12.34567,2469.134,24.69134,4788276.2793266168,478.8276279326617,7757.01323512878,77.5701323512878,7881930508.4525633,7881.9305084525631,19153105.117306463,1915.3105117306466
Metric,,,,Diameter,0.5,cm,0.098425196850393692,0.0082020997375328083,0.19685039370078738,0.016404199475065617,0.030434239700130518,0.00021134888680646193,0.61842375070665212,0.051535312558887679,0.0039939947113032167,2.3113395320041763E-06,0.12173695880052207,0.00084539554722584773,0.24999999999999997,0.0024999999999999996,0.49999999999999994,0.0049999999999999992,0.19634954084936204,1.9634954084936203E-05,1.5707963267948963,0.015707963267948963,0.065449846949787324,6.5449846949787326E-08,0.78539816339744806,7.85398163397448E-05
Metric,,,,Diameter,11,cm,2.1653543307086616,0.18044619422572181,4.3307086614173231,0.36089238845144361,14.730172014863175,0.10229286121432761,13.60532251554635,1.1337768762955291,42.528055685956673,0.02461114333678048,58.9206880594527,0.40917144485731044,5.5000000000000009,0.055000000000000007,11.000000000000002,0.11000000000000001,95.03317777109126,0.009503317777109126,34.557519189487728,0.34557519189487729,696.90997032133589,0.00069690997032133587,380.1327110843651,0.038013271108436504
Metric,,,,Diameter,5575,cm,1097.4409448818897,91.45341207349081,2194.8818897637793,182.90682414698162,3783660.7651194758,26275.421979996361,6895.4248203791713,574.61873503159757,5536458993.5803347,3203969.3249886194,15134643.060477903,105101.68791998544,2787.5,27.875,5575,55.75,24410665.792244811,2441.0665792244808,17514.379043763096,175.14379043763097,90726307861.176529,90726.307861176523,97642663.168979257,9764.266316897927
Metric,,,,Diameter,1234.567,cm,243.025,20.252083333333335,486.05,40.50416666666667,185546.07691606024,1288.514423028196,1526.9711092773189,127.24759243977657,60123113.790034048,34793.468628491923,742184.307664241,5154.0576921127849,617.2835,6.172835,1234.567,12.34567,1197069.0698316542,119.70690698316542,3878.50661756439,38.7850661756439,985241313.55657041,985.24131355657039,4788276.2793266159,478.82762793266164
Metric,,,,Area of a Circle,0.5,cm,0.15706388992182388,0.013088657493485324,0.31412777984364776,0.026177314986970648,0.077500155000309989,0.00053819552083548606,0.98686152544527572,0.082238460453772977,0.0162299677518573,9.3923424489914924E-06,0.31000062000123996,0.0021527820833419442,0.39894228040143265,0.0039894228040143268,0.79788456080286529,0.0079788456080286535,0.49999999999999994,4.9999999999999996E-05,2.5066282746310002,0.025066282746310002,0.26596152026762165,2.6596152026762164E-07,1.9999999999999998,0.00019999999999999998
Metric,,,,Area of a Circle,11,cm,0.736694944588495,0.061391245382374587,1.47338988917699,0.12278249076474917,1.7050034100068199,0.011840301458380694,4.6287908517119112,0.38573257097599262,1.6747565235442254,0.00096918780297698237,6.8200136400272795,0.047361205833522768,1.8712051592547774,0.018712051592547775,3.7424103185095547,0.03742410318509555,10.999999999999998,0.0010999999999999998,11.757128763348254,0.11757128763348254,27.444342335736728,2.7444342335736727E-05,43.999999999999986,0.0043999999999999994
Metric,,,,Area of a Circle,5575,cm,16.584935348644837,1.3820779457204031,33.169870697289674,2.7641558914408062,864.12672825345612,6.0008800573156673,104.2062221031286,8.6838518419273836,19108.64789482607,11.058245309505828,3456.5069130138245,24.003520229262673,42.125735785557886,0.42125735785557888,84.251471571115772,0.84251471571115777,5574.9999999999973,0.55749999999999977,264.68380414194661,2.6468380414194659,313134.63600598008,0.31313463600598007,22299.999999999989,2.2299999999999995
Metric,,,,Area of a Circle,1234.567,cm,7.8045645885710844,0.65038038238092366,15.609129177142169,1.3007607647618473,191.35826771653544,1.3288768591426072,49.037525551843927,4.0864604626536609,1991.2906132677033,1.1523672530484395,765.43307086614175,5.315507436570428,19.823594054970556,0.19823594054970556,39.647188109941112,0.39647188109941112,1234.567,0.1234567,124.55531490168357,1.2455531490168357,32631.4067222171,0.0326314067222171,4938.2680000000009,0.49382680000000007
Metric,,,,Circumference,0.5,cm,0.031329713207066012,0.0026108094339221677,0.062659426414132025,0.0052216188678443354,0.0030836331896718517,2.1414119372721193E-05,0.19685039370078741,0.016404199475065617,0.00012881245795761241,7.4544246503247925E-08,0.012334532758687407,8.5656477490884771E-05,0.079577471545947673,0.00079577471545947678,0.15915494309189535,0.0015915494309189536,0.019894367886486918,1.9894367886486917E-06,0.5,0.005,0.0021108579925487037,2.1108579925487038E-09,0.079577471545947673,7.9577471545947685E-06
Metric,,,,Circumference,11,cm,0.68925369055545216,0.057437807546287682,1.3785073811109043,0.11487561509257536,1.4924784638011757,0.010364433776397054,4.3307086614173222,0.3608923884514435,1.3715950523326559,0.00079374713676658322,5.9699138552047026,0.041457735105588214,1.7507043740108486,0.017507043740108485,3.5014087480216971,0.03501408748021697,9.6288740570596651,0.00096288740570596649,10.999999999999998,0.10999999999999999,22.47641590465858,2.2476415904658579E-05,38.515496228238668,0.003851549622823866
Metric,,,,Circumference,5575,cm,349.32630225878603,29.11052518823217,698.65260451757206,58.221050376464341,383364.98722297873,2662.25685571513,2194.8818897637793,182.90682414698162,178559297.86945322,103332.92700778543,1533459.9488919149,10649.027422860521,887.28880773731657,8.8728880773731653,1774.5776154746331,17.745776154746331,2473317.5515677696,247.33175515677695,5575,55.75,2926062641.9817934,2926.0626419817936,9893270.20627108,989.32702062710791
Metric,,,,Circumference,1234.567,cm,77.357260089815725,6.4464383408179771,154.71452017963145,12.892876681635954,18799.748133327463,130.55380648144072,486.04999999999995,40.504166666666663,1939062.6746304536,1122.1427515222533,75198.992533309851,522.215225925763,196.48744062813194,1.9648744062813193,392.97488125626387,3.9297488125626385,121288.45505697546,12.128845505697546,1234.567,12.34567,31775544.149180416,31.775544149180416,485153.82022790186,48.515382022790185
Metric,,,,Volume of a Sphere,0.5,cm,0.1938474452446253,0.016153953770385442,0.3876948904892506,0.032307907540770883,0.11805109944392778,0.0008197993016939429,1.2179794197953291,0.1014982849829441,0.030511872047366138,1.7657333360744293E-05,0.4722043977757111,0.0032791972067757712,0.49237251092134826,0.0049237251092134823,0.98474502184269652,0.0098474502184269647,0.76161847317244447,7.6161847317244449E-05,3.093667726280136,0.03093667726280136,0.49999999999999989,4.9999999999999987E-07,3.0464738926897779,0.00030464738926897769
Metric,,,,Volume of a Sphere,11,cm,0.5431681657225067,0.045264013810208892,1.0863363314450134,0.090528027620417784,0.926869283865103,0.0064365922490632159,3.4128262381953407,0.28440218651627841,0.67126118504205512,0.00038846133393637448,3.7074771354604121,0.02574636899625286,1.3796471409351669,0.01379647140935167,2.7592942818703339,0.02759294281870334,5.9797898717840985,0.00059797898717840986,8.668578645016165,0.086685786450161645,10.999999999999998,1.0999999999999998E-05,23.91915948713639,0.0023919159487136394
Metric,,,,Volume of a Sphere,5575,cm,4.3306362231717479,0.360886351930979,8.6612724463434958,0.721772703861958,58.918716984550557,0.40915775683715666,27.210189888172422,2.2675158240143687,340.20737332813218,0.19687926697229871,235.67486793820223,1.6366310273486266,10.999816006856239,0.10999816006856239,21.999632013712478,0.21999632013712478,380.11999449752636,0.038011999449752636,69.113882315957952,0.69113882315957953,5574.9999999999945,0.0055749999999999949,1520.4799779901052,0.15204799779901051
Metric,,,,Volume of a Sphere,1234.567,cm,2.6200422920197659,0.21833685766831382,5.2400845840395318,0.43667371533662763,21.565844825845549,0.1497628112905941,16.462211233407722,1.3718509361173101,75.337900675801308,0.043598322150347979,86.2633793033822,0.59905124516237629,6.6549074217302051,0.066549074217302051,13.30981484346041,0.1330981484346041,139.13420447842515,0.013913420447842514,41.814016532855611,0.41814016532855613,1234.5669999999991,0.0012345669999999991,556.53681791370059,0.055653681791370056
Metric,,,,Area of a Sphere,0.5,cm,0.078531944960911954,0.0065443287467426628,0.15706388992182391,0.013088657493485326,0.019375038750077504,0.00013454888020887157,0.49343076272263792,0.041119230226886495,0.0020287459689821634,1.1740428061239372E-06,0.077500155000310017,0.00053819552083548628,0.19947114020071635,0.0019947114020071634,0.3989422804014327,0.0039894228040143268,0.12500000000000003,1.2500000000000002E-05,1.2533141373155003,0.012533141373155003,0.033245190033452721,3.3245190033452718E-08,0.5,4.9999999999999996E-05
Metric,,,,Area of a Sphere,11,cm,0.36834747229424758,0.030695622691187297,0.73669494458849516,0.061391245382374594,0.426250852501705,0.0029600753645951739,2.314395425855956,0.19286628548799634,0.20934456544302826,0.00012114847537212284,1.70500341000682,0.011840301458380694,0.93560257962738891,0.00935602579627389,1.8712051592547778,0.018712051592547779,2.75,0.000275,5.8785643816741286,0.058785643816741284,3.4305427919670923,3.4305427919670922E-06,11.000000000000004,0.0011000000000000003
Metric,,,,Area of a Sphere,5575,cm,8.29246767432242,0.69103897286020166,16.584935348644841,1.3820779457204033,216.03168206336414,1.5002200143289177,52.103111051564305,4.3419259209636918,2388.5809868532606,1.3822806636882294,864.12672825345658,6.00088005731567,21.062867892778947,0.21062867892778947,42.125735785557893,0.42125735785557894,1393.75,0.139375,132.34190207097333,1.3234190207097334,39141.829500747539,0.039141829500747537,5575,0.5575
Metric,,,,Area of a Sphere,1234.567,cm,3.9022822942855426,0.32519019119046189,7.8045645885710853,0.65038038238092377,47.839566929133866,0.33221921478565186,24.518762775921967,2.0432302313268305,248.91132665846303,0.144045906631055,191.35826771653547,1.3288768591426074,9.911797027485278,0.099117970274852779,19.823594054970556,0.19823594054970556,308.64175000000006,0.030864175000000008,62.2776574508418,0.62277657450841806,4078.9258402771393,0.0040789258402771393,1234.5670000000002,0.12345670000000002
Metric,,,,Radius,0.5,m,19.68505,1.6404208333333334,39.3701,3.2808416666666669,1217.370902764731,8.4539646025328548,123.68481693109551,10.307068077591293,31952.009452625156,18.490746211009927,4869.483611058924,33.815858410131419,50.000027,0.50000027,100.000054,1.00000054,7853.9901162769384,0.78539901162769388,314.15943500498258,3.141594350049826,523599.62382877339,0.52359962382877334,31415.960465107757,3.1415960465107751
Metric,,,,Radius,11,m,433.0711,36.089258333333333,866.1422,72.178516666666667,589207.51693812979,4091.7188676259011,2721.0659724841012,226.75549770700843,340224996.65155268,196889.46565483374,2356830.0677525192,16366.875470503604,1100.000594,11.000005940000001,2200.001188,22.000011880000002,3801331.216278038,380.1331216278038,6911.5075701096166,69.11507570109616,5575288794.528779,5575.2887945287794,15205324.865112156,1520.5324865112154
Metric,,,,Radius,5575,m,219488.3075,18290.692291666666,438976.615,36581.384583333333,151346594058.96823,1051018014.2983905,1379085.708781715,114923.80906514292,44291743701189992,25631796123373.84,605386376235.87292,4204072057.1935625,557500.30105,5575.0030105000005,1115000.6021,11150.006021000001,976427686230.83948,97642768.623083949,3502877.7003055564,35028.777003055562,7.2581163870299725E+17,725811638702.99719,3905710744923.3584,390571074.49233592
Metric,,,,Radius,1234.567,m,48605.0262467,4050.4188538916665,97210.0524934,8100.8377077833329,7421851092.235095,51540632.584965937,305394.38676834357,25449.5322306953,480985689516247.75,278348199951.53229,29687404368.94038,206162530.33986375,123456.766666618,1234.56766666618,246913.533333236,2469.13533333236,47882814506.66394,4788281.4506663941,775701.74239159271,7757.0174239159269,7.88194327718688E+15,7881943277.18688,191531258026.65579,19153125.802665576
Metric,,,,Diameter,0.5,m,9.8425196850393686,0.82020997375328075,19.685039370078737,1.6404199475065615,304.34239700130513,2.1134888680646191,61.842375070665213,5.153531255888768,3993.9947113032158,2.3113395320041756,1217.3695880052205,8.4539554722584764,24.999999999999996,0.24999999999999997,49.999999999999993,0.49999999999999994,1963.4954084936203,0.19634954084936204,157.07963267948963,1.5707963267948963,65449.846949787316,0.06544984694978731,7853.98163397448,0.78539816339744806
Metric,,,,Diameter,11,m,216.53543307086611,18.044619422572175,433.07086614173221,36.089238845144351,147301.72014863166,1022.9286121432755,1360.5322515546345,113.37768762955288,42528055.685956635,24611.14333678046,589206.88059452665,4091.7144485731019,549.99999999999989,5.4999999999999991,1099.9999999999998,10.999999999999998,950331.777710912,95.0331777710912,3455.7519189487716,34.557519189487714,696909970.3213352,696.90997032133521,3801327.1108436482,380.13271108436481
Metric,,,,Diameter,5575,m,109744.09448818897,9145.3412073490817,219488.18897637795,18290.682414698163,37836607651.194763,262754219.79996362,689542.48203791713,57461.873503159761,5536458993580335,3203969324988.6196,151346430604.77905,1051016879.1998546,278750,2787.5,557500,5575,244106657922.44812,24410665.792244811,1751437.9043763096,17514.379043763096,90726307861176528,90726307861.176529,976426631689.7926,97642663.168979257
Metric,,,,Diameter,1234.567,m,24302.499999999996,2025.208333333333,48604.999999999993,4050.4166666666661,1855460769.1606019,12885144.230281956,152697.11092773188,12724.759243977656,60123113790034.016,34793468628.491905,7421843076.6424074,51540576.921127826,61728.349999999991,617.28349999999989,123456.69999999998,1234.5669999999998,11970690698.31654,1197069.069831654,387850.66175643896,3878.5066175643897,985241313556569.88,985241313.55656993,47882762793.266151,4788276.2793266149
Metric,,,,Area of a Circle,0.5,m,15.706397473632446,1.3088664561360372,31.412794947264892,2.6177329122720745,775.00238700500017,5.3819610208680571,98.686205835049961,8.2238504862541628,16229.994044419265,9.3923576645944831,3100.0095480200007,21.527844083472228,39.894249583026415,0.39894249583026414,79.78849916605283,0.79788499166052829,5000.0054000014588,0.50000054000014593,250.66296282102689,2.5066296282102689,265961.95112551731,0.26596195112551729,20000.021600005835,2.0000021600005833
Metric,,,,Area of a Circle,11,m,73.669534240376521,6.13912785336471,147.33906848075304,12.27825570672942,17050.05251411,118.40314245909723,462.87933512589717,38.573277927158095,1674759.2366512595,969.18937306207147,68200.21005644,473.61256983638884,187.12061697055637,1.8712061697055637,374.24123394111274,3.7424123394111275,110000.11880003208,11.000011880003209,1175.7135112197789,11.757135112197789,27444386.795595333,27.444386795595332,440000.47520012839,44.000047520012835
Metric,,,,Area of a Circle,5575,m,1658.4944304509929,138.20786920424942,3316.9888609019858,276.41573840849884,8641276.61510575,60008.865382678821,10420.627837448856,868.385653120738,19108678850.85239,11058263.223872911,34565106.460423,240035.46153071534,4212.5758533455219,42.125758533455219,8425.1517066910437,84.251517066910438,55750060.210016258,5575.0060210016254,26468.394707120093,264.68394707120092,313135143284.36456,313135.14328436455,223000240.84006503,22300.0240840065
Metric,,,,Area of a Circle,1234.567,m,780.45688030359634,65.038073358633028,1560.9137606071927,130.07614671726606,1913584.7438352043,13288.78294330003,4903.7552032107733,408.64626693423111,1991293839.16024,1152369.1198843981,7654338.9753408171,53155.131773200112,1982.3604759711347,19.823604759711348,3964.7209519422695,39.647209519422695,12345683.333327204,1234.5683333327204,12455.538216155364,124.55538216155364,32631459585.124554,32631.459585124554,49382733.333308816,4938.2733333308815
Metric,,,,Circumference,0.5,m,3.1329730125111146,0.2610810843759262,6.2659460250222292,0.5221621687518524,30.836365199965957,0.2141414249997636,19.68505,1.6404208333333334,128.81266663390699,0.074544367264992473,123.34546079986383,0.85656569999905441,7.9577514517782308,0.0795775145177823,15.915502903556462,0.15915502903556461,198.94389372410038,0.019894389372410039,50.000027,0.50000027,2110.861412140498,0.0021108614121404978,795.77557489640151,0.079577557489640141
Metric,,,,Circumference,11,m,68.925406275244512,5.743783856270376,137.85081255048902,11.487567712540752,14924.800756783521,103.64444969988557,433.07109999999994,36.089258333333326,1371597.2743178413,793.74842263763958,59699.203027134085,414.57779879954228,175.07053193912105,1.7507053193912105,350.14106387824211,3.5014106387824211,96288.844562464568,9.6288844562464568,1100.0005939999999,11.00000594,22476452.31647202,22.47645231647202,385155.37824985821,38.51553782498582
Metric,,,,Circumference,5575,m,34932.649089498926,2911.054090791577,69865.298178997851,5822.108181583154,3833654012.5727677,26622597.309533108,219488.3075,18290.692291666666,178559587135671.97,103333094407.21758,15334616050.291071,106490389.23813242,88728.928687327279,887.28928687327277,177457.85737465456,1774.5785737465455,24733202227.514469,2473320.222751447,557500.30105,5575.0030105000005,2926067382205833,2926067382.205833,98932808910.057892,9893280.891005788
Metric,,,,Circumference,1234.567,m,7735.7301862736176,644.6441821894681,15471.460372547235,1289.2883643789362,187997684.37060931,1305539.474795898,48605.0262467,4050.4188538916665,1939065815913.6831,1122144569.3944926,751990737.48243725,5222157.8991835918,19648.75467313499,196.48754673134991,39297.509346269981,392.97509346269982,1212885860.4854231,121288.5860485423,123456.766666618,1234.56766666618,31775595625589.742,31775595.625589743,4851543441.9416933,485154.34419416933
Metric,,,,Volume of a Sphere,0.5,m,19.384754992224572,1.6153962493520477,38.769509984449144,3.2307924987040955,1180.5122693914957,8.1980018707742754,121.79800775042156,10.149833979201796,30511.921476625539,17.65736196563978,4722.0490775659828,32.792007483097109,49.237277680250415,0.49237277680250413,98.47455536050083,0.98474555360500826,7616.1929572061736,0.76161929572061737,309.36693968607079,3.0936693968607081,500000.8100004372,0.50000081000043717,30464.771828824698,3.0464771828824695
Metric,,,,Volume of a Sphere,11,m,54.316845903331618,4.5264038252776349,108.63369180666324,9.05280765055527,9268.7028488419983,64.3659920058472,341.28280811215092,28.440234009345911,671262.27248576214,388.46196324407532,37074.811395367993,257.46396802338882,137.96478859446231,1.3796478859446231,275.92957718892461,2.7592957718892461,59797.963299589035,5.9797963299589032,866.85833260486334,8.6685833260486334,11000017.820009623,11.000017820009623,239191.85319835614,23.919185319835609
Metric,,,,Volume of a Sphere,5575,m,433.06385617153092,36.088654680960907,866.12771234306183,72.177309361921814,589187.80616782093,4091.5819872765342,2721.0204581674966,226.75170484729139,340207924.46437466,196879.58591688349,2356751.2246712837,16366.327949106135,1099.9821946756886,10.999821946756885,2199.9643893513771,21.99964389351377,3801204.0502723134,380.12040502723136,6911.3919637454419,69.113919637454416,5575009031.5048733,5575.0090315048728,15204816.201089257,1520.4816201089254
Metric,,,,Volume of a Sphere,1234.567,m,262.00437068426038,21.833697557021697,524.00874136852076,43.667395114043394,215658.68116964254,1497.62973034474,1646.2220123001787,137.18516769168156,75338022.723266318,43598.392779668007,862634.72467857017,5990.518921378959,665.49110153802133,6.6549110153802129,1330.9822030760427,13.309822030760426,1391343.5474340657,139.13435474340656,4181.4039112424543,41.814039112424545,1234568999.9996192,1234.5689999996193,5565374.189736262,556.53741897362625
Metric,,,,Area of a Sphere,0.5,m,7.853194496091195,0.65443287467426625,15.70638899218239,1.3088657493485325,193.75038750077502,1.3454888020887155,49.343076272263794,4.1119230226886492,2028.7459689821633,1.1740428061239372,775.00155000310008,5.3819552083548619,19.947114020071634,0.19947114020071635,39.894228040143268,0.3989422804014327,1250.0000000000002,0.12500000000000003,125.33141373155004,1.2533141373155003,33245.190033452724,0.033245190033452721,5000,0.5
Metric,,,,Area of a Sphere,11,m,36.834747229424757,3.06956226911873,73.669494458849513,6.13912453823746,4262.5085250170505,29.600753645951741,231.4395425855956,19.286628548799634,209344.56544302826,121.14847537212283,17050.034100068202,118.40301458380696,93.560257962738888,0.93560257962738891,187.12051592547778,1.8712051592547778,27500.000000000004,2.7500000000000004,587.85643816741288,5.8785643816741286,3430542.7919670921,3.4305427919670919,110000.00000000001,11.000000000000004
Metric,,,,Area of a Sphere,5575,m,829.246767432242,69.103897286020171,1658.493534864484,138.20779457204034,2160316.820633641,15002.200143289174,5210.31110515643,434.1925920963692,2388580986.8532605,1382280.6636882294,8641267.2825345639,60008.80057315671,2106.2867892778945,21.062867892778947,4212.573578555789,42.125735785557893,13937499.999999998,1393.7499999999998,13234.190207097332,132.34190207097333,39141829500.747536,39141.829500747539,55749999.999999993,5575
Metric,,,,Area of a Sphere,1234.567,m,390.22822942855424,32.519019119046185,780.45645885710849,65.038038238092369,478395.66929133859,3322.1921478565182,2451.8762775921969,204.32302313268306,248911326.65846297,144045.90663105497,1913582.6771653544,13288.768591426071,991.1797027485278,9.911797027485278,1982.3594054970556,19.823594054970556,3086417.5,308.64175,6227.76574508418,62.2776574508418,4078925840.2771387,4078.9258402771388,12345670.000000002,1234.5670000000002
