value,unit,btuh,galh,lh,pintsday,lbh,W,kW
0,BTU/hour,0,0,0,0,0,0,0
0.05,BTU/hour,0.05,5.696317900109369E-06,2.1562872366008459E-05,0.0010936930368209989,4.7393364928909951E-05,0.014653551933067263,1.4653551933067264E-05
1,BTU/hour,0.99999999999999989,0.00011392635800218736,0.00043125744732016907,0.021873860736419976,0.000947867298578199,0.29307103866134526,0.00029307103866134528
2.5,BTU/hour,2.4999999999999996,0.0002848158950054684,0.0010781436183004227,0.054684651841049939,0.0023696682464454974,0.73267759665336307,0.000732677596653363
12,BTU/hour,12,0.0013671162960262485,0.0051750893678420293,0.26248632883703971,0.011374407582938388,3.5168524639361434,0.0035168524639361434
70,BTU/hour,70,0.0079748450601531164,0.030188021312411842,1.5311702515493983,0.066350710900473925,20.514972706294166,0.020514972706294165
500,BTU/hour,500,0.05696317900109369,0.21562872366008459,10.936930368209989,0.47393364928909953,146.53551933067266,0.14653551933067266
3412.142,BTU/hour,3412.142,0.38873291104629959,1.4715116488139364,74.636718920889521,3.2342578199052125,999.99999999999989,0.99999999999999989
12000,BTU/hour,12000,1.3671162960262484,5.1750893678420296,262.48632883703971,11.374407582938389,3516.8524639361435,3.5168524639361434
250000,BTU/hour,250000,28.481589500546846,107.8143618300423,5468.4651841049945,236.96682464454977,73267.759665336329,73.267759665336328
0,Watts,0,0,0,0,0,0,0
0.05,Watts,0.17060710000000004,1.9436645552314985E-05,7.3575582440696841E-05,0.0037318359460444773,0.0001617128909952607,0.050000000000000017,5.0000000000000016E-05
1,Watts,3.4121420000000002,0.00038873291104629963,0.0014715116488139366,0.074636718920889536,0.0032342578199052131,1,0.001
2.5,Watts,8.530355,0.00097183227761574913,0.0036787791220348415,0.18659179730222383,0.0080856445497630332,2.5,0.0025
12,Watts,40.945704,0.0046647949325555951,0.017658139785767239,0.89564062705067438,0.038811093838862554,11.999999999999998,0.011999999999999999
70,Watts,238.84993999999998,0.027211303773240977,0.10300581541697557,5.2245703244622677,0.22639804739336492,70,0.07
500,Watts,1706.071,0.19436645552314979,0.73575582440696818,37.318359460444761,1.6171289099526063,499.99999999999994,0.49999999999999994
3412.142,Watts,11642.713028163998,1.3264118925633428,5.0210067004072823,254.67108337216183,11.035746946127013,3412.142,3.412142
12000,Watts,40945.704,4.6647949325555951,17.658139785767236,895.64062705067431,38.811093838862554,12000,12
250000,Watts,853035.5,97.1832277615749,367.87791220348413,18659.179730222382,808.5644549763033,250000.00000000003,250.00000000000003
0,kW,0,0,0,0,0,0,0
0.05,kW,170.6071,0.019436645552314984,0.073575582440696841,3.7318359460444772,0.16171289099526068,50.000000000000007,0.05000000000000001
1,kW,3412.1420000000003,0.38873291104629965,1.4715116488139366,74.636718920889535,3.2342578199052134,1000.0000000000001,1.0000000000000002
2.5,kW,8530.355,0.97183227761574908,3.6787791220348414,186.59179730222382,8.0856445497630318,2499.9999999999995,2.4999999999999996
12,kW,40945.704000000005,4.664794932555596,17.65813978576724,895.64062705067442,38.811093838862561,12000.000000000002,12.000000000000002
70,kW,238849.94,27.211303773240974,103.00581541697557,5224.5703244622673,226.39804739336492,70000,70
500,kW,1706070.9999999998,194.36645552314977,735.755824406968,37318.359460444757,1617.1289099526061,499999.99999999988,499.99999999999989
3412.142,kW,11642713.028164,1326.4118925633429,5021.0067004072826,254671.08337216184,11035.746946127012,3412141.9999999995,3412.1419999999994
12000,kW,40945704,4664.7949325555946,17658.139785767235,895640.62705067429,38811.093838862551,11999999.999999998,11999.999999999998
250000,kW,853035499.99999988,97183.2277615749,367877.9122034841,18659179.730222382,808564.45497630315,249999999.99999997,249999.99999999997
0,Pints/day,0,0,0,0,0,0,0
0.05,Pints/day,2.2858333333333336,0.00026041666666666666,0.00098578264833268673,0.05,0.0021666666666666666,0.669911549206725,0.000669911549206725
1,Pints/day,45.716666666666669,0.005208333333333333,0.019715652966653733,1,0.043333333333333335,13.398230984134504,0.013398230984134504
2.5,Pints/day,114.29166666666667,0.013020833333333332,0.049289132416634331,2.5,0.10833333333333334,33.495577460336257,0.033495577460336254
12,Pints/day,548.6,0.0625,0.23658783559984481,12,0.52,160.77877180961403,0.16077877180961403
70,Pints/day,3200.1666666666665,0.36458333333333331,1.3800957076657614,70,3.0333333333333332,937.87616888941511,0.93787616888941516
500,Pints/day,22858.333333333336,2.6041666666666665,9.8578264833268676,500,21.666666666666664,6699.1154920672507,6.6991154920672509
3412.142,Pints/day,155991.75843333334,17.771572916666663,67.2726075449438,3412.142,147.85948666666667,45716.666666666672,45.716666666666669
12000,Pints/day,548600,62.5,236.58783559984479,12000,520,160778.77180961403,160.77877180961403
250000,Pints/day,11429166.666666668,1302.0833333333333,4928.9132416634329,250000,10833.333333333332,3349557.7460336252,3349.5577460336253
0,gallons/hour,0,0,0,0,0,0,0
0.05,gallons/hour,438.88000000000011,0.05,0.18927026847987588,9.6000000000000014,0.41600000000000004,128.62301744769124,0.12862301744769125
1,gallons/hour,8777.6,1,3.7854053695975169,192,8.32,2572.4603489538245,2.5724603489538245
2.5,gallons/hour,21944,2.5,9.4635134239937919,480,20.8,6431.1508723845609,6.4311508723845607
12,gallons/hour,105331.19999999998,12,45.424864435170207,2304,99.839999999999989,30869.524187445888,30.869524187445887
70,gallons/hour,614432,70,264.97837587182619,13440,582.4,180072.2244267677,180.07222442676769
500,gallons/hour,4388800,500,1892.7026847987584,96000,4160,1286230.1744769122,1286.2301744769122
3412.142,gallons/hour,29950417.6192,3412.142,12916.34064862921,655131.264,28389.02144,8777600,8777.6
12000,gallons/hour,105331200,12000,45424.8644351702,2304000,99840,30869524.187445894,30869.524187445895
250000,gallons/hour,2194400000,250000,946351.34239937924,48000000,2080000,643115087.23845613,643115.08723845612
0,liters/hour,0,0,0,0,0,0,0
0.05,liters/hour,115.94002680000001,0.013208625000000002,0.05,2.5360560000000003,0.10989576000000001,33.978664076700213,0.033978664076700214
1,liters/hour,2318.800536,0.2641725,1,50.72112,2.1979151999999997,679.57328153400408,0.67957328153400409
2.5,liters/hour,5797.00134,0.66043124999999991,2.5,126.80279999999999,5.494788,1698.9332038350105,1.6989332038350105
12,liters/hour,27825.606432000004,3.17007,12.000000000000002,608.65344,26.3749824,8154.8793784080508,8.15487937840805
70,liters/hour,162316.03752,18.492075,70,3550.4784,153.854064,47570.129707380285,47.570129707380282
500,liters/hour,1159400.268,132.08624999999998,500,25360.559999999998,1098.9575999999997,339786.640767002,339.78664076700204
3412.142,liters/hour,7912076.6985081127,901.394082495,3412.1420000000003,173067.66383904,7499.5987663584,2318800.536,2318.8005359999997
12000,liters/hour,27825606.431999996,3170.0699999999997,12000,608653.44,26374.982399999997,8154879.3784080492,8154.879378408049
250000,liters/hour,579700134,66043.125,250000.00000000003,12680280,549478.8,169893320.38350105,169893.32038350106
0,pounds/hour,0,0,0,0,0,0,0
0.05,pounds/hour,52.750000000000007,0.0060096153846153849,0.022748830346138924,1.153846153846154,0.05,15.459497289385965,0.015459497289385964
1,pounds/hour,1054.9999999999998,0.12019230769230767,0.45497660692277841,23.076923076923073,0.99999999999999978,309.18994578771924,0.30918994578771924
2.5,pounds/hour,2637.5,0.30048076923076922,1.1374415173069461,57.692307692307693,2.5,772.97486446929827,0.77297486446929831
12,pounds/hour,12660,1.4423076923076921,5.4597192830733414,276.92307692307691,12,3710.2793494526313,3.7102793494526312
70,pounds/hour,73850,8.4134615384615365,31.848362484594492,1615.3846153846152,70,21643.296205140352,21.643296205140352
500,pounds/hour,527500.00000000012,60.096153846153847,227.48830346138925,11538.461538461539,500.00000000000006,154594.97289385967,154.59497289385968
3412.142,pounds/hour,3599809.8099999996,410.1132211538461,1552.4447894987029,78741.738461538451,3412.142,1055000,1055
12000,pounds/hour,12659999.999999998,1442.3076923076919,5459.71928307334,276923.07692307688,11999.999999999996,3710279.34945263,3710.27934945263
250000,pounds/hour,263750000,30048.076923076922,113744.1517306946,5769230.769230769,250000,77297486.446929827,77297.486446929834
