units,t1,t2,c6,c7,c8,d6,d7,d8,airflow,alt,lbh,kgh,volume,pints,btuh,kW,e_db,l_db,e_wb,l_wb,e_dp,l_dp,e_rh,l_rh,e_v,l_v,e_h,l_h,e_W,l_W,e_grains,l_grains,e_patm,l_patm,e_pws,l_pws,e_pw,l_pw
US Units,"Temperature, db","Temperature, wb",80,67,,55,54,,1000,0,10.994860926545725,4.9871809573937282,1.3175141848279743,253.72755984336288,11599.578277505741,3.3995004538221862,80,55,67,54,60.31780924250026,53.293827514501153,51.100677419167354,93.9548325359409,13.849400574565399,13.154888318629311,31.447210228127961,22.568577066118845,0.011169162649224785,0.0086312920953353026,78.1841385445735,60.419044667347116,29.921056,29.921056,1.0329727053885813,0.43590913442652668,0.52785605000866875,0.409557697259314
US Units,"Temperature, db","Temperature, wb",80,67,,55,54,,1000,5000,13.080790518725287,5.9333419329696406,1.5674711278588511,301.86439658596817,13800.233997255178,4.0444489113451842,80,55,67,54,61.564062862486246,53.415007925758324,53.41079882190121,94.37332180490823,16.721811778812729,15.855776482530583,34.655816185937127,24.542377649454359,0.014095334499997381,0.010449759217127343,98.667341499981674,73.1483145198914,24.895863272582776,24.895863272582776,1.0329727053885813,0.43590913442652668,0.55171897356024635,0.41138193020933933
US Units,"Temperature, db",RH %,95,50,,55,95,,1000,0,37.698583488394412,17.0997758816678,4.5174212594143031,869.96731127064027,39772.005580256104,11.656022985050477,95,55,79.0502638655287,54.174265656024644,73.436671692540017,53.595591508576575,50,95,14.382645104919263,13.156919480265516,42.398446308295576,22.674257138432964,0.017765411182486604,0.0087286553946241685,124.35787827740623,61.10058776236918,29.921056,29.921056,1.6618765415170853,0.43590913442652668,0.8309382707585411,0.41411367770520419
US Units,"Temperature, db",RH %,95,50,,55,95,,1000,5000,37.805680810305496,17.148354370108091,4.5302547314989079,872.43878793012675,39884.9932548723,11.689136400206177,95,55,78.339726800772851,54.112393746281008,73.436671692540017,53.595591508576575,50,95,17.386002140242613,15.857545716601086,46.490957290551208,24.618969785918573,0.021475151190695266,0.010520323732673593,150.32605833486687,73.64226612871515,24.895863272582776,24.895863272582776,1.6618765415170853,0.43590913442652668,0.8309382707585411,0.41411367770520419
US Units,"Temperature, db",RH %,75,50,,58,90,,1000,0,0.049630819791278535,0.022512142810765613,0.005947261135588907,1.145326610567966,52.360514879798849,0.015345350480665473,75,58,62.553028270529296,56.247030835853323,55.11990433111756,55.086712599142864,50,90,13.679183566114972,13.244012214111999,28.106590690659928,23.944583110522238,0.0092356672673489237,0.0092243521157745617,64.649670871442467,64.570464810421939,29.921056,29.921056,0.875631754375856,0.48587480311056819,0.43781587718793036,0.43728732279951349
US Units,"Temperature, db",RH %,75,50,,58,90,,1000,5000,0.049779846221332864,0.022579740007226817,0.0059651189727023173,1.1487656820307584,52.517737763506169,0.015391427954494909,75,58,61.761347774411924,56.12093675172347,55.11990433111756,55.086712599142864,50,90,16.489732248166945,15.965091034308331,30.183108297181924,26.004206787951922,0.011133243440721854,0.011119562501796108,77.932704085052976,77.83693751257276,24.895863272582776,24.895863272582776,0.875631754375856,0.48587480311056819,0.43781587718793036,0.43728732279951349
US Units,"Temperature, dp",RH %,73,,50,53,,95,1000,0,37.432557828094446,16.979108770361016,4.4855434045405573,863.82825757141018,39491.348508639632,11.573770525564187,94.522188748794477,54.400725787982353,78.65379421953358,53.583639917014665,73,53,50,95,14.364269664168393,13.137615015137682,41.98610195802668,22.320594449216813,0.017498947613694971,0.0085374250326562019,122.49263329586479,59.761975228593414,29.921056,29.921056,1.6376321754060836,0.42648840643054831,0.818816087703046,0.40516398610901883
US Units,"Temperature, dp",RH %,73,,50,53,,95,1000,5000,37.536563162309349,17.026284757918223,4.4980063637395293,866.22838066867735,39601.07413623637,11.605927929211729,94.522188748794477,54.400725787982353,77.940675953455127,53.521694873517539,73,53,50,95,17.362279393128944,15.833293315539571,46.014424939334077,24.221540468365774,0.021151205451234868,0.010289200499870754,148.05843815864407,72.024403499095285,24.895863272582776,24.895863272582776,1.6376321754060836,0.42648840643054831,0.818816087703046,0.40516398610901883
Metric Units,"Temperature, db","Temperature, wb",26.7,19.4,,12.8,12.2,,472,0,10.820404509768101,4.908048922394733,4.908050004435184,249.70164253311003,11415.526757805346,3.345560283776392,26.7,12.8,19.4,12.2,15.632904387160474,11.775356297622995,50.677417788021863,93.480716428178184,0.86458759178559308,0.82125568821726935,55.159328301071028,34.587500210863752,11.097140340042156,8.5998229431850675,77.679982380295087,60.198760602295479,1013.2539295999999,1013.2539295999999,35.049536260972211,14.783246216314357,17.762199923736933,13.81948447435232
Metric Units,"Temperature, db","Temperature, wb",26.7,19.4,,12.8,12.2,,472,1500,12.885092394725136,5.8445748295081641,5.8445761180174038,297.34828603211849,13593.772476435017,3.9839410189948183,26.7,12.8,19.4,12.2,16.326286721555459,11.847217984433719,52.973663510657531,93.9254194668094,1.0407376009721911,0.9869055871701754,62.468466980748282,39.090731461918452,13.963325362785037,10.383597351893899,97.743277539495253,72.6851814632573,845.566829612594,845.566829612594,35.049536260972211,14.783246216314357,18.567023400933447,13.885226019484394
Metric Units,"Temperature, db",RH %,35,50,,13,95,,472,0,37.161378553843214,16.856104020994852,16.856107737132707,857.5702743194588,39205.25437430459,11.489924620459696,35,13,26.13903548084928,12.538051926872839,23.020373162522233,12.218405624258317,50,95,0.89787920159058687,0.82216714068569041,80.78538584755114,35.444804253450656,17.765411182486606,8.858420961238636,124.35787827740623,62.008946728670452,1013.2539295999999,1013.2539295999999,56.278192059873966,14.978108286010482,28.139096029936926,14.229202871709987
Metric Units,"Temperature, db",RH %,35,50,,13,95,,472,1500,37.266641845854721,16.903850608144936,16.903854334809118,859.99942721203206,39316.307147376741,11.522470972010174,35,13,25.750360332401172,12.504247778005599,23.020373162522233,12.218405624258317,50,95,1.0820701087306985,0.98800448205235325,90.134719090855043,39.956358188463554,21.409807083049444,10.64523160672954,149.86864958134612,74.516621247106784,845.566829612594,845.566829612594,56.278192059873966,14.978108286010482,28.139096029936926,14.229202871709987
Metric Units,"Temperature, dp",RH %,22.8,,50,11.7,,95,472,0,37.453920081416996,16.988798517570096,16.988802262962107,864.32123264808456,39513.885685894937,11.580375519510893,34.758863971415195,12.478386953329119,25.938946715877666,12.023966326744389,22.8,11.7,50,95,0.89683689837988334,0.82027566840955635,79.91367213606685,34.1495689766553,17.523204902445446,8.5565182160352187,122.66243431711811,59.895627512246527,1013.2539295999999,1013.2539295999999,55.5319438573109,14.474568770558738,27.765971928655198,13.75084033203083
Metric Units,"Temperature, dp",RH %,22.8,,50,11.7,,95,472,1500,37.5563864313565,17.035276434171859,17.0352801898105,866.68584072361159,39621.987685081112,11.612057084693754,34.758863971415195,12.478386953329119,25.548990606718814,11.990096999085276,22.8,11.7,50,95,1.0807300474344859,0.98563633486687263,89.129738715372838,38.5032035861542,21.116274517092144,10.281440247021097,147.81392161964501,71.97008172914768,845.566829612594,845.566829612594,55.5319438573109,14.474568770558738,27.765971928655198,13.75084033203083
