units,area,type,occLo,occAvg,occHi,wLo,wAvg,wHi,tonsLo,tonsAvg,tonsHi,heatLo,heatAvg,heatHi
US,10000,Educational: Classrooms,,500,,,20000,,,35.714285714285715,,,428571.42857142858,
US,10000,Educational: Hallways,,,,,20000,,,28.571428571428573,,,342857.1428571429,
US,10000,"Educational: Shools, Colleges, Universities",333.33333333333331,400,500,7500,10000,11000,41.666666666666664,54.054054054054056,66.666666666666671,500000,648648.64864864864,800000
US,10000,Factories: Assembly Areas,200,285.71428571428572,434.78260869565219,25000,40000,55000,41.666666666666664,66.666666666666671,111.11111111111111,500000,800000,1333333.3333333333
US,10000,Factories: Heavy Manufacturing ,50,40,33.333333333333336,120000,250000,300000,100,125,166.66666666666666,1200000,1500000,2000000
US,10000,Factories: Light Manufacturing,50,66.666666666666671,100,75000,90000,110000,50,66.666666666666671,100,600000,800000,1200000
US,10000,Factories: Medium Manufacturing,,50,,,100000,,,66.666666666666671,,,800000,
US,10000,Food: _Large Restaurant,588.23529411764707,666.66666666666663,769.23076923076928,5000,10000,15000,74.074074074074076,100,125,888888.88888888888,1200000,1500000
US,10000,Food: _Medium Restaurant,588.23529411764707,666.66666666666663,769.23076923076928,5000,10000,15000,66.666666666666671,83.333333333333329,100,800000,1000000,1200000
US,10000,Food: Bakeries,,125,,,60000,,,44.444444444444443,,,533333.33333333337,
US,10000,Food: Bars/Taverns,,500,,,10000,,,100,,,1200000,
US,10000,Food: Resaurants: Kitchen Area,,100,,,120000,,,55.555555555555557,,,666666.66666666663,
US,10000,"Food: Restaurants: Dining Area, Formal",,333.33333333333331,,,32500,,,40,,,480000,
US,10000,Food: Restaurants: Fast-food Service & Dining,,333.33333333333331,,,32500,,,66.666666666666671,,,800000,
US,10000,Housing: Apartments: Hallways,,,,,20000,,,18.181818181818183,,,218181.81818181821,
US,10000,Housing: Apartments: High Rise,30.76923076923077,57.142857142857146,100,7000,9000,11000,22.222222222222221,25,28.571428571428573,266666.66666666669,300000,342857.1428571429
US,10000,Housing: Apartments: Rental Suites,,16.666666666666668,,,10000,,,22.222222222222221,,,266666.66666666669,
US,10000,"Housing: Hotels, Motels, Dormitories",50,66.666666666666671,100,5000,7500,10000,28.571428571428573,33.333333333333336,45.454545454545453,342857.1428571429,400000,545454.54545454541
US,10000,"Housing: Residential, Large",16.666666666666668,25,50,5000,10000,15000,16.666666666666668,20,26.315789473684209,200000,240000,315789.4736842105
US,10000,"Housing: Residential, Medium",16.666666666666668,27.777777777777779,50,5000,10000,15000,14.285714285714286,18.181818181818183,25,171428.57142857145,218181.81818181821,300000
US,10000,Housing: Residential: 15% Glass,,25,,,15000,,,14.285714285714286,,,171428.57142857145,
US,10000,Housing: Residential: 25% Glass,,25,,,15000,,,18.181818181818183,,,218181.81818181821,
US,10000,Medical: Doctor's Offices: Examination Rooms,,200,,,20000,,,26.315789473684209,,,315789.4736842105,
US,10000,Medical: Doctor's Offices: Waiting Rooms,,333.33333333333331,,,20000,,,30.303030303030305,,,363636.36363636365,
US,10000,Medical: Hospitals: Paient Rooms,142.85714285714286,200,400,5000,7500,10000,33.333333333333336,45.454545454545453,60.606060606060609,400000,545454.54545454541,727272.72727272729
US,10000,Medical: Hospitals: Public Areas,100,125,200,5000,7500,10000,57.142857142857146,71.428571428571431,90.9090909090909,685714.2857142858,857142.85714285716,1090909.0909090908
US,10000,Office: Computer Rooms,,,,,60000,,,125,,,1500000,
US,10000,Office: High Rise,,66.666666666666671,,,30000,,,22.222222222222221,,,266666.66666666669,
US,10000,Office: Mid-Rise,,66.666666666666671,,,30000,,,25,,,300000,
US,10000,Office: Office Buildings (General),76.92307692307692,90.9090909090909,125,20000,25000,40000,27.777777777777779,35.714285714285715,52.631578947368418,333333.33333333331,428571.42857142858,631578.947368421
US,10000,Office: Recpetion,,200,,,20000,,,28.571428571428573,,,342857.1428571429,
US,10000,Offices: One Story,,66.666666666666671,,,30000,,,28.571428571428573,,,342857.1428571429,
US,10000,"Public: Auditoriums, Churches, Theaters",666.66666666666663,909.09090909090912,1666.6666666666667,5000,7000,9000,25,40,111.11111111111111,300000,480000,1333333.3333333333
US,10000,Public: Banks,,333.33333333333331,,,40000,,,43.478260869565219,,,521739.13043478265,
US,10000,"Public: Bathrooms, no blow driers",,,,,20000,,,25,,,300000,
US,10000,"Public: Bathrooms, with blow driers",,,,,80000,,,50,,,600000,
US,10000,Public: Bowling Alleys,,250,,,25000,,,40,,,480000,
US,10000,Public: Gambling Casinos,,400,,,150000,,,100,,,1200000,
US,10000,Public: Libraries and Museums,125,166.66666666666666,250,5000,7500,10000,29.411764705882351,35.714285714285715,50,352941.17647058819,428571.42857142858,600000
US,10000,Public: Lobbies,,333.33333333333331,,,20000,,,45.454545454545453,,,545454.54545454541,
US,10000,Public: Post Office,,333.33333333333331,,,20000,,,35.714285714285715,,,428571.42857142858,
US,10000,Public: Smoking Lounge,,500,,,10000,,,100,,,1200000,
US,10000,Retail: Barber Shops,,222.22222222222223,,,35000,,,40,,,480000,
US,10000,Retail: Beauty Salons,222.22222222222223,250,400,30000,50000,90000,41.666666666666664,62.5,95.238095238095241,500000,750000,1142857.142857143
US,10000,Retail: Clothing,,200,,,20000,,,35.714285714285715,,,428571.42857142858,
US,10000,Retail: Drug Stores,,200,,,30000,,,40,,,480000,
US,10000,Retail: Florists,,80,,,30000,,,40,,,480000,
US,10000,Retail: Grocery Stores,,80,,,20000,,,28.571428571428573,,,342857.1428571429,
US,10000,Retail: Jewelry Store,,100,,,40000,,,40,,,480000,
US,10000,Retail: Malls,100,133.33333333333334,200,10000,15000,20000,27.397260273972602,43.478260869565219,62.5,328767.12328767125,521739.13043478265,750000
US,10000,Retail: Shoe stores,,200,,,20000,,,33.333333333333336,,,400000,
US,10000,Retails: Department & Discount Stores,,200,,,20000,,26.315789473684209,,33.333333333333336,315789.4736842105,,400000
US,1,"Educational: Shools, Colleges, Universities",0.033333333333333333,0.04,0.05,0.75,1,1.1,0.0041666666666666666,0.0054054054054054057,0.0066666666666666671,50,64.86486486486487,80
US,2500.5,"Educational: Shools, Colleges, Universities",83.35,100.02,125.025,1875.375,2500.5,2750.55,10.41875,13.516216216216216,16.67,125024.99999999999,162194.59459459459,200040.00000000003
US,250000,"Educational: Shools, Colleges, Universities",8333.3333333333339,10000,12500,187500,250000,275000,1041.6666666666667,1351.3513513513512,1666.6666666666667,12500000,16216216.216216214,20000000
Metric,929,Educational: Classrooms,,499.98385412742323,,,19999.354165096931,,,35.713132437673089,,,125.71022618060927,
Metric,929,Educational: Hallways,,,,,19999.354165096931,,,28.570505950138472,,,100.56818094448742,
Metric,929,"Educational: Shools, Colleges, Universities",333.32256941828217,399.98708330193858,499.98385412742323,7499.7578119113487,9999.6770825484655,10999.644790803311,41.665321177285271,54.052308554316021,66.66451388365644,146.66193054404417,190.26412611119238,234.65908887047067
Metric,929,Factories: Assembly Areas,199.99354165096929,285.70505950138471,434.76856880645494,24999.192706371163,39998.708330193862,54998.223954016554,41.665321177285271,66.66451388365644,111.10752313942739,146.66193054404417,234.65908887047067,391.09848145078439
Metric,929,Factories: Heavy Manufacturing ,49.998385412742323,39.998708330193857,33.33225694182822,119996.12499058158,249991.92706371163,299990.31247645395,99.996770825484646,124.99596353185581,166.66128470914109,351.98863330570595,439.98579163213242,586.64772217617667
Metric,929,Factories: Light Manufacturing,49.998385412742323,66.66451388365644,99.996770825484646,74997.578119113488,89997.09374293618,109996.44790803311,49.998385412742323,66.66451388365644,99.996770825484646,175.99431665285297,234.65908887047067,351.98863330570595
Metric,929,Factories: Medium Manufacturing,,49.998385412742323,,,99996.770825484651,,,66.66451388365644,,,234.65908887047067,
Metric,929,Food: _Large Restaurant,588.216298973439,666.64513883656434,769.205929426805,4999.8385412742327,9999.6770825484655,14999.515623822697,74.07168209295159,99.996770825484646,124.99596353185581,260.73232096718959,351.98863330570595,439.98579163213242
Metric,929,Food: _Medium Restaurant,588.216298973439,666.64513883656434,769.205929426805,4999.8385412742327,9999.6770825484655,14999.515623822697,66.66451388365644,83.330642354570543,99.996770825484646,234.65908887047067,293.32386108808834,351.98863330570595
Metric,929,Food: Bakeries,,124.99596353185581,,,59998.062495290789,,,44.443009255770953,,,156.43939258031375,
Metric,929,Food: Bars/Taverns,,499.98385412742323,,,9999.6770825484655,,,99.996770825484646,,,351.98863330570595,
Metric,929,Food: Resaurants: Kitchen Area,,99.996770825484646,,,119996.12499058158,,,55.553761569713693,,,195.5492407253922,
Metric,929,"Food: Restaurants: Dining Area, Formal",,333.32256941828217,,,32498.950518282509,,,39.998708330193857,,,140.79545332228238,
Metric,929,Food: Restaurants: Fast-food Service & Dining,,333.32256941828217,,,32498.950518282509,,,66.66451388365644,,,234.65908887047067,
Metric,929,Housing: Apartments: Hallways,,,,,19999.354165096931,,,18.181231059179026,,,63.997933328310175,
Metric,929,Housing: Apartments: High Rise,30.768237177072198,57.141011900276943,99.996770825484646,6999.7739577839247,8999.7093742936177,10999.644790803311,22.221504627885476,24.999192706371161,28.570505950138472,78.219696290156875,87.997158326426486,100.56818094448742
Metric,929,Housing: Apartments: Rental Suites,,16.66612847091411,,,9999.6770825484655,,,22.221504627885476,,,78.219696290156875,
Metric,929,"Housing: Hotels, Motels, Dormitories",49.998385412742323,66.66451388365644,99.996770825484646,4999.8385412742327,7499.7578119113487,9999.6770825484655,28.570505950138472,33.33225694182822,45.453077647947566,100.56818094448742,117.32954443523533,159.99483332077543
Metric,929,"Housing: Residential, Large",16.66612847091411,24.999192706371161,49.998385412742323,4999.8385412742327,9999.6770825484655,14999.515623822697,16.66612847091411,19.999354165096928,26.314939690917011,58.664772217617667,70.397726661141192,92.62858771202788
Metric,929,"Housing: Residential, Medium",16.66612847091411,27.776880784856846,49.998385412742323,4999.8385412742327,9999.6770825484655,14999.515623822697,14.285252975069236,18.181231059179026,24.999192706371161,50.284090472243712,63.997933328310175,87.997158326426486
Metric,929,Housing: Residential: 15% Glass,,24.999192706371161,,,14999.515623822697,,,14.285252975069236,,,50.284090472243712,
Metric,929,Housing: Residential: 25% Glass,,24.999192706371161,,,14999.515623822697,,,18.181231059179026,,,63.997933328310175,
Metric,929,Medical: Doctor's Offices: Examination Rooms,,199.99354165096929,,,19999.354165096931,,,26.314939690917011,,,92.62858771202788,
Metric,929,Medical: Doctor's Offices: Waiting Rooms,,333.32256941828217,,,19999.354165096931,,,30.30205176529838,,,106.6632222138503,
Metric,929,Medical: Hospitals: Paient Rooms,142.85252975069236,199.99354165096929,399.98708330193858,4999.8385412742327,7499.7578119113487,9999.6770825484655,33.33225694182822,45.453077647947566,60.60410353059676,117.32954443523533,159.99483332077543,213.32644442770061
Metric,929,Medical: Hospitals: Public Areas,99.996770825484646,124.99596353185581,199.99354165096929,4999.8385412742327,7499.7578119113487,9999.6770825484655,57.141011900276943,71.426264875346178,90.906155295895132,201.13636188897485,251.42045236121854,319.98966664155085
Metric,929,Office: Computer Rooms,,,,,59998.062495290789,,,124.99596353185581,,,439.98579163213242,
Metric,929,Office: High Rise,,66.66451388365644,,,29999.031247645395,,,22.221504627885476,,,78.219696290156875,
Metric,929,Office: Mid-Rise,,66.66451388365644,,,29999.031247645395,,,24.999192706371161,,,87.997158326426486,
Metric,929,Office: Office Buildings (General),76.9205929426805,90.906155295895132,124.99596353185581,19999.354165096931,24999.192706371163,39998.708330193862,27.776880784856846,35.713132437673089,52.629879381834023,97.7746203626961,125.71022618060927,185.25717542405576
Metric,929,Office: Recpetion,,199.99354165096929,,,19999.354165096931,,,28.570505950138472,,,100.56818094448742,
Metric,929,Offices: One Story,,66.66451388365644,,,29999.031247645395,,,28.570505950138472,,,100.56818094448742,
Metric,929,"Public: Auditoriums, Churches, Theaters",666.64513883656434,909.06155295895132,1666.6128470914109,4999.8385412742327,6999.7739577839247,8999.7093742936177,24.999192706371161,39.998708330193857,111.10752313942739,87.997158326426486,140.79545332228238,391.09848145078439
Metric,929,Public: Banks,,333.32256941828217,,,39998.708330193862,,,43.4768568806455,,,153.03853621987216,
Metric,929,"Public: Bathrooms, no blow driers",,,,,19999.354165096931,,,24.999192706371161,,,87.997158326426486,
Metric,929,"Public: Bathrooms, with blow driers",,,,,79997.416660387724,,,49.998385412742323,,,175.99431665285297,
Metric,929,Public: Bowling Alleys,,249.99192706371161,,,24999.192706371163,,,39.998708330193857,,,140.79545332228238,
Metric,929,Public: Gambling Casinos,,399.98708330193858,,,149995.15623822698,,,99.996770825484646,,,351.98863330570595,
Metric,929,Public: Libraries and Museums,124.99596353185581,166.66128470914109,249.99192706371161,4999.8385412742327,7499.7578119113487,9999.6770825484655,29.410814948671955,35.713132437673089,49.998385412742323,103.52606861932529,125.71022618060927,175.99431665285297
Metric,929,Public: Lobbies,,333.32256941828217,,,19999.354165096931,,,45.453077647947566,,,159.99483332077543,
Metric,929,Public: Post Office,,333.32256941828217,,,19999.354165096931,,,35.713132437673089,,,125.71022618060927,
Metric,929,Public: Smoking Lounge,,499.98385412742323,,,9999.6770825484655,,,99.996770825484646,,,351.98863330570595,
Metric,929,Retail: Barber Shops,,222.21504627885477,,,34998.869788919626,,,39.998708330193857,,,140.79545332228238,
Metric,929,Retail: Beauty Salons,222.21504627885477,249.99192706371161,399.98708330193858,29999.031247645395,49998.385412742326,89997.09374293618,41.665321177285271,62.4979817659279,95.2350198337949,146.66193054404417,219.99289581606621,335.22726981495805
Metric,929,Retail: Clothing,,199.99354165096929,,,19999.354165096931,,,35.713132437673089,,,125.71022618060927,
Metric,929,Retail: Drug Stores,,199.99354165096929,,,29999.031247645395,,,39.998708330193857,,,140.79545332228238,
Metric,929,Retail: Florists,,79.997416660387714,,,29999.031247645395,,,39.998708330193857,,,140.79545332228238,
Metric,929,Retail: Grocery Stores,,79.997416660387714,,,19999.354165096931,,,28.570505950138472,,,100.56818094448742,
Metric,929,Retail: Jewelry Store,,99.996770825484646,,,39998.708330193862,,,39.998708330193857,,,140.79545332228238,
Metric,929,Retail: Malls,99.996770825484646,133.32902776731288,199.99354165096929,9999.6770825484655,14999.515623822697,19999.354165096931,27.396375568625928,43.4768568806455,62.4979817659279,96.435242001563267,153.03853621987216,219.99289581606621
Metric,929,Retail: Shoe stores,,199.99354165096929,,,19999.354165096931,,,33.33225694182822,,,117.32954443523533,
Metric,929,Retails: Department & Discount Stores,,199.99354165096929,,,19999.354165096931,,26.314939690917011,,33.33225694182822,92.62858771202788,,117.32954443523533
Metric,1,"Educational: Shools, Colleges, Universities",0.35879716837274717,0.43055660204729662,0.53819575255912078,8.0729362883868117,10.763915051182416,11.840306556300659,0.044849646046593396,0.058183324600986033,0.071759433674549442,0.15787075408400875,0.20480530259547083,0.252593206534414
Metric,2500.5,"Educational: Shools, Colleges, Universities",897.17231951605436,1076.6067834192652,1345.7584792740815,20186.377189111223,26915.169585481632,29606.686544029795,112.14653993950679,145.48740316476557,179.43446390321088,394.75582058706391,512.11565913997481,631.6093129393023
Metric,250000,"Educational: Shools, Colleges, Universities",89699.2920931868,107639.15051182416,134548.93813978019,2018234.0720967031,2690978.7627956038,2960076.6390751642,11212.41151164835,14545.831150246508,17939.858418637359,39467.688521002194,51201.325648867707,63148.301633603507
