wind,fit,length,width,height,q1,w1,h1,q2,w2,h2,q3,w3,h3,q4,w4,h4,q5,w5,h5,q6,w6,h6,q7,w7,h7,q8,w8,h8,q9,w9,h9,q10,w10,h10,q11,w11,h11,q12,w12,h12,a1,a2,a3,a4,a5,a6,a7,a8,a9,a10,a11,vhf,rate,crack,q,ach,warning
0,Tight,30,60,16,8,2,3,4,3.5,5,1,3,7,1,6,7,12,1.25,2.75,2,8,4.5,1,3,6.8,,,,,,,,,,,,,,,,True,True,True,True,True,True,False,False,False,False,False,0,0,359.6,0,,
0,Average,30,60,16,1,3,6.6667,,,,,,,,,,,,,,,,,,,,,,,,,,,,,,,,,,False,False,False,False,False,False,False,False,False,False,False,0,0,19.333399999999997,0,,
0,Loose,30,60,16,8,2,3,4,3.5,5,1,3,7,1,6,7,12,1.25,2.75,2,8,4.5,1,3,6.8,,,,,,,,,,,,,,,,True,True,True,True,True,True,False,False,False,False,False,0,0,359.6,0,,
5,Tight,30,60,16,4,3,5,1,3,7,,,,,,,,,,,,,,,,,,,,,,,,,,,,,,,True,False,False,False,False,False,False,False,False,False,False,0.011675000000000001,0.082170304125417662,84,6.902305546535084,0.01437980322194809,
5,Average,30,60,16,10,2.5,4,2,3,6.8,1,6,6.8,6,4,4,,,,,,,,,,,,,,,,,,,,,,,,,True,True,True,False,False,False,False,False,False,False,False,0.011675000000000001,0.1216924693694149,290.79999999999995,35.388170092625849,0.073725354359637188,
5,Loose,30,60,16,4,3,5,1,3,7,,,,,,,,,,,,,,,,,,,,,,,,,,,,,,,True,False,False,False,False,False,False,False,False,False,False,0.011675000000000001,0.38322571747753148,84,32.190960268112647,0.06706450055856801,
7.5,Tight,30,60,16,1,3,6.6667,,,,,,,,,,,,,,,,,,,,,,,,,,,,,,,,,,False,False,False,False,False,False,False,False,False,False,False,0.02626875,0.12835573541085893,19.333399999999997,2.4815527749923,0.0051699016145672913,
7.5,Average,30,60,16,1,1.5,3,2,1.75,4,3,2,5,4,2.25,6,5,2.5,3,6,2.75,4,7,3,5,8,3.25,6,9,3.5,3,10,3.75,4,11,4,5,12,4.25,6,True,True,True,True,True,True,True,True,True,True,True,0.02626875,0.2044845572203535,1252,256.01466563988259,0.53336388674975543,
7.5,Loose,30,60,16,1,3,6.6667,,,,,,,,,,,,,,,,,,,,,,,,,,,,,,,,,,False,False,False,False,False,False,False,False,False,False,False,0.02626875,0.63358926045313491,19.333399999999997,12.249434608044636,0.025519655433426325,
12.5,Tight,30,60,16,10,2.5,4,2,3,6.8,1,6,6.8,6,4,4,,,,,,,,,,,,,,,,,,,,,,,,,True,True,True,False,False,False,False,False,False,False,False,0.07296875,0.22513805192706657,290.79999999999995,65.470145500390942,0.1363961364591478,
12.5,Average,30,60,16,2,5.5,3.25,,4,4,3,,5,,,,,,,,,,,,,,,,,,,,,,,,,,,,True,True,False,False,False,False,False,False,False,False,False,0.07296875,0.39321213747078465,65,25.558788935601,0.053247476949168752,
12.5,Loose,30,60,16,10,2.5,4,2,3,6.8,1,6,6.8,6,4,4,,,,,,,,,,,,,,,,,,,,,,,,,True,True,True,False,False,False,False,False,False,False,False,0.07296875,1.1937139158573074,290.79999999999995,347.1320067313049,0.72319168069021855,
15,Tight,30,60,16,1,1.5,3,2,1.75,4,3,2,5,4,2.25,6,5,2.5,3,6,2.75,4,7,3,5,8,3.25,6,9,3.5,3,10,3.75,4,11,4,5,12,4.25,6,True,True,True,True,True,True,True,True,True,True,True,0.105075,0.27513654195537723,1252,344.47095052813228,0.71764781360027552,
15,Average,30,60,16,8,2,3,4,3.5,5,1,3,7,1,6,7,12,1.25,2.75,2,8,4.5,1,3,6.8,,,,,,,,,,,,,,,,True,True,True,True,True,True,False,False,False,False,False,0.105075,0.49656820662947904,359.6,178.56592710396066,0.37201234813325135,
15,Loose,30,60,16,1,1.5,3,2,1.75,4,3,2,5,4,2.25,6,5,2.5,3,6,2.75,4,7,3,5,8,3.25,6,9,3.5,3,10,3.75,4,11,4,5,12,4.25,6,True,True,True,True,True,True,True,True,True,True,True,0.105075,1.4965285339114314,1252,1873.653724457112,3.9034452592856503,
20,Tight,30,60,16,2,5.5,3.25,,4,4,3,,5,,,,,,,,,,,,,,,,,,,,,,,,,,,,True,True,False,False,False,False,False,False,False,False,False,0.18680000000000002,0.37755557271389334,65,24.541112226403069,0.051127317138339727,
20,Average,30,60,16,4,3,5,1,3,7,,,,,,,,,,,,,,,,,,,,,,,,,,,,,,,True,False,False,False,False,False,False,False,False,False,False,0.18680000000000002,0.71762984626987469,84,60.280907086669473,0.12558522309722808,
20,Loose,30,60,16,2,5.5,3.25,,4,4,3,,5,,,,,,,,,,,,,,,,,,,,,,,,,,,,True,True,False,False,False,False,False,False,False,False,False,0.18680000000000002,2.1380065689375076,65,138.970426980938,0.2895217228769541,
24.6,Tight,30,60,16,8,2,3,4,3.5,5,1,3,7,1,6,7,12,1.25,2.75,2,8,4.5,1,3,6.8,,,,,,,,,,,,,,,,True,True,True,True,True,True,False,False,False,False,False,0.28260972000000006,0.47410715268507231,359.6,170.488932105552,0.3551852752199,
24.6,Average,30,60,16,1,3,6.6667,,,,,,,,,,,,,,,,,,,,,,,,,,,,,,,,,,False,False,False,False,False,False,False,False,False,False,False,0.28260972000000006,0.93536052058470331,19.333399999999997,18.0836990886723,0.037674373101400628,
24.6,Loose,30,60,16,8,2,3,4,3.5,5,1,3,7,1,6,7,12,1.25,2.75,2,8,4.5,1,3,6.8,,,,,,,,,,,,,,,,True,True,True,True,True,True,False,False,False,False,False,0.28260972000000006,2.7637030219380114,359.6,993.827606688909,2.0704741806018938,
30,Tight,30,60,16,4,3,5,1,3,7,,,,,,,,,,,,,,,,,,,,,,,,,,,,,,,True,False,False,False,False,False,False,False,False,False,False,0.4203,0.58976808848355344,84,49.540519432618488,0.10320941548462186,
30,Average,30,60,16,10,2.5,4,2,3,6.8,1,6,6.8,6,4,4,,,,,,,,,,,,,,,,,,,,,,,,,True,True,True,False,False,False,False,False,False,False,False,0.4203,1.2058611524854721,290.79999999999995,350.66442314277521,0.73055088154744829,
30,Loose,30,60,16,4,3,5,1,3,7,,,,,,,,,,,,,,,,,,,,,,,,,,,,,,,True,False,False,False,False,False,False,False,False,False,False,0.4203,3.5347784323385891,84,296.92138831644149,0.61858622565925314,
36,Tight,30,60,16,1,3,6.6667,,,,,,,,,,,,,,,,,,,,,,,,,,,,,,,,,,False,False,False,False,False,False,False,False,False,False,False,0.605232,0.72074334405968854,19.333399999999997,13.93441936804358,0.02903004035009079,
36,Average,30,60,16,1,1.5,3,2,1.75,4,3,2,5,4,2.25,6,5,2.5,3,6,2.75,4,7,3,5,8,3.25,6,9,3.5,3,10,3.75,4,11,4,5,12,4.25,6,True,True,True,True,True,True,True,True,True,True,True,0.605232,1.5228225501517165,1252,1906.5738327899492,3.9720288183123942,
36,Loose,30,60,16,1,3,6.6667,,,,,,,,,,,,,,,,,,,,,,,,,,,,,,,,,,False,False,False,False,False,False,False,False,False,False,False,0.605232,4.4314611020097665,19.333399999999997,85.675210069595607,0.1784900209783242,
40,Tight,30,60,16,10,2.5,4,2,3,6.8,1,6,6.8,6,4,4,,,,,,,,,,,,,,,,,,,,,,,,,True,True,True,False,False,False,False,False,False,False,False,0.74720000000000009,0.80930808693488543,290.79999999999995,235.34679168066464,0.49030581600138462,**Warning** Winter wind velocity above 36 mph may result in unstable results
40,Average,30,60,16,2,5.5,3.25,,4,4,3,,5,,,,,,,,,,,,,,,,,,,,,,,,,,,,True,True,False,False,False,False,False,False,False,False,False,0.74720000000000009,1.7426849764601713,65,113.27452346991113,0.23598859056231486,**Warning** Winter wind velocity above 36 mph may result in unstable results
40,Loose,30,60,16,10,2.5,4,2,3,6.8,1,6,6.8,6,4,4,,,,,,,,,,,,,,,,,,,,,,,,,True,True,True,False,False,False,False,False,False,False,False,0.74720000000000009,5.0499401360066516,290.79999999999995,1468.522591550734,3.0594220657306961,**Warning** Winter wind velocity above 36 mph may result in unstable results
-3,Tight,30,60,16,1,1.5,3,2,1.75,4,3,2,5,4,2.25,6,5,2.5,3,6,2.75,4,7,3,5,8,3.25,6,9,3.5,3,10,3.75,4,11,4,5,12,4.25,6,True,True,True,True,True,True,True,True,True,True,True,0.004203,0.046846944462185479,1252,58.652374466656219,0.1221924468055338,**Warning** Winter wind velocity below 0 mph will result in unstable results
-3,Average,30,60,16,8,2,3,4,3.5,5,1,3,7,1,6,7,12,1.25,2.75,2,8,4.5,1,3,6.8,,,,,,,,,,,,,,,,True,True,True,True,True,True,False,False,False,False,False,0.004203,0.063284492884976437,359.6,22.757103641437528,0.047410632586328182,**Warning** Winter wind velocity below 0 mph will result in unstable results
-3,Loose,30,60,16,1,1.5,3,2,1.75,4,3,2,5,4,2.25,6,5,2.5,3,6,2.75,4,7,3,5,8,3.25,6,9,3.5,3,10,3.75,4,11,4,5,12,4.25,6,True,True,True,True,True,True,True,True,True,True,True,0.004203,0.20340526796056527,1252,254.66339548662771,0.53054874059714108,**Warning** Winter wind velocity below 0 mph will result in unstable results
15,Average,,60,16,4,3,5,1,3,7,,,,,,,,,,,,,,,,,,,,,,,,,,,,,,,True,False,False,False,False,False,False,False,False,False,False,0.105075,0.49656820662947904,84,41.711729356876241,,
15,Loose,100,45.5,22,10,2.5,4,2,3,6.8,1,6,6.8,6,4,4,,,,,,,,,,,,,,,,,,,,,,,,,True,True,True,False,False,False,False,False,False,False,False,0.105075,1.4965285339114314,290.79999999999995,435.19049766144417,0.26085344515171477,
20,Tight,30,60,16,,,,,,,,,,,,,,,,,,,,,,,,,,,,,,,,,,,,,False,False,False,False,False,False,False,False,False,False,False,0.18680000000000002,0.37755557271389334,0,0,,
