given,value,equip,COP,EER,SEER,SEER2,HSPF,HSPF2,kWTon
COP,2.5,Single Package,2.5,8.5324999999999989,9.7514285714285709,9.3613714285714273,8.5324232081911262,7.1672354948805461,1.4064
COP,3.6,Single Package,3.6,12.2868,14.042057142857143,13.480374857142857,12.286689419795223,10.320819112627987,0.97666666666666668
COP,5,Single Package,5,17.064999999999998,19.502857142857142,18.722742857142855,17.064846416382252,14.334470989761092,0.7032
COP,2.5,Single Split,2.5,8.5324999999999989,9.7514285714285709,9.2638571428571428,8.5324232081911262,7.2525597269624571,1.4064
COP,3.6,Single Split,3.6,12.2868,14.042057142857143,13.339954285714285,12.286689419795223,10.44368600682594,0.97666666666666668
COP,5,Single Split,5,17.064999999999998,19.502857142857142,18.527714285714286,17.064846416382252,14.505119453924914,0.7032
COP,2.5,Small Duct High Velocity,2.5,8.5324999999999989,9.7514285714285709,9.7514285714285709,8.5324232081911262,7.2525597269624571,1.4064
COP,3.6,Small Duct High Velocity,3.6,12.2868,14.042057142857143,14.042057142857143,12.286689419795223,10.44368600682594,0.97666666666666668
COP,5,Small Duct High Velocity,5,17.064999999999998,19.502857142857142,19.502857142857142,17.064846416382252,14.505119453924914,0.7032
COP,2.5,Space Constrained,2.5,8.5324999999999989,9.7514285714285709,9.6539142857142846,8.5324232081911262,7.2525597269624571,1.4064
COP,3.6,Space Constrained,3.6,12.2868,14.042057142857143,13.901636571428572,12.286689419795223,10.44368600682594,0.97666666666666668
COP,5,Space Constrained,5,17.064999999999998,19.502857142857142,19.307828571428569,17.064846416382252,14.505119453924914,0.7032
EER,9.5,Single Package,2.7834749487254618,9.5,10.857142857142858,10.422857142857143,9.4999145007694938,7.9799281806463744,1.263157894736842
EER,12,Single Package,3.5159683562847936,12,13.714285714285714,13.165714285714284,11.999892000971993,10.079909280816475,1
EER,14.2,Single Package,4.1605625549370053,14.2,16.228571428571428,15.57942857142857,14.199872201150189,11.927892648966159,0.84507042253521136
EER,9.5,Single Split,2.7834749487254618,9.5,10.857142857142858,10.314285714285715,9.4999145007694938,8.07492732565407,1.263157894736842
EER,12,Single Split,3.5159683562847936,12,13.714285714285714,13.028571428571427,11.999892000971993,10.199908200826194,1
EER,14.2,Single Split,4.1605625549370053,14.2,16.228571428571428,15.417142857142856,14.199872201150189,12.069891370977661,0.84507042253521136
EER,9.5,Small Duct High Velocity,2.7834749487254618,9.5,10.857142857142858,10.857142857142858,9.4999145007694938,8.07492732565407,1.263157894736842
EER,12,Small Duct High Velocity,3.5159683562847936,12,13.714285714285714,13.714285714285714,11.999892000971993,10.199908200826194,1
EER,14.2,Small Duct High Velocity,4.1605625549370053,14.2,16.228571428571428,16.228571428571428,14.199872201150189,12.069891370977661,0.84507042253521136
EER,9.5,Space Constrained,2.7834749487254618,9.5,10.857142857142858,10.748571428571429,9.4999145007694938,8.07492732565407,1.263157894736842
EER,12,Space Constrained,3.5159683562847936,12,13.714285714285714,13.577142857142857,11.999892000971993,10.199908200826194,1
EER,14.2,Space Constrained,4.1605625549370053,14.2,16.228571428571428,16.066285714285712,14.199872201150189,12.069891370977661,0.84507042253521136
SEER,13,Single Package,3.3328450043949607,11.375,13,12.48,11.374897625921369,9.5549140057739486,1.0549545494505495
SEER,15,Single Package,3.8455903896864929,13.125,15,14.399999999999999,13.124881876063117,11.024900775893018,0.91429394285714283
SEER,21,Single Package,5.3838265455610905,18.375,21,20.16,18.374834626488365,15.434861086250226,0.65306710204081631
SEER,13,Single Split,3.3328450043949607,11.375,13,12.35,11.374897625921369,9.6686629820331635,1.0549545494505495
SEER,15,Single Split,3.8455903896864929,13.125,15,14.25,13.124881876063117,11.15614959465365,0.91429394285714283
SEER,21,Single Split,5.3838265455610905,18.375,21,19.95,18.374834626488365,15.618609432515109,0.65306710204081631
SEER,13,Small Duct High Velocity,3.3328450043949607,11.375,13,13,11.374897625921369,9.6686629820331635,1.0549545494505495
SEER,15,Small Duct High Velocity,3.8455903896864929,13.125,15,15,13.124881876063117,11.15614959465365,0.91429394285714283
SEER,21,Small Duct High Velocity,5.3838265455610905,18.375,21,21,18.374834626488365,15.618609432515109,0.65306710204081631
SEER,13,Space Constrained,3.3328450043949607,11.375,13,12.87,11.374897625921369,9.6686629820331635,1.0549545494505495
SEER,15,Space Constrained,3.8455903896864929,13.125,15,14.85,13.124881876063117,11.15614959465365,0.91429394285714283
SEER,21,Space Constrained,5.3838265455610905,18.375,21,20.79,18.374834626488365,15.618609432515109,0.65306710204081631
SEER2,13.4,Single Package,3.5785355015138203,12.213541666666668,13.958333333333334,13.4,12.213431745780957,10.259282666456004,0.98252483411513847
SEER2,14.3,Single Package,3.8188849008692261,13.033854166666668,14.895833333333334,14.3,13.033736863034902,10.948338964949317,0.92068760679320671
SEER2,20,Single Package,5.3410977634534627,18.229166666666668,20.833333333333336,20,18.229002605643217,15.312362188740302,0.65829163885714281
SEER2,13.4,Single Split,3.6162042962665972,12.342105263157896,14.105263157894738,13.4,12.341994185210231,10.490695057428695,0.9722902004264391
SEER2,14.3,Single Split,3.8590836892994287,13.171052631578949,15.05263157894737,14.3,13.170934093172113,11.195293979196295,0.91109711088911072
SEER2,20,Single Split,5.3973198451740254,18.421052631578949,21.05263157894737,20,18.420886843597359,15.657753817057754,0.65143443428571424
SEER2,13.4,Small Duct High Velocity,3.4353940814532669,11.725,13.4,13.4,11.724894475949718,9.96616030455726,1.0234633688699362
SEER2,14.3,Small Duct High Velocity,3.6661295048344571,12.512500000000001,14.3,14.3,12.512387388513506,10.635529280236479,0.95904959040959026
SEER2,20,Small Duct High Velocity,5.1274538529153242,17.5,20,20,17.49984250141749,14.874866126204866,0.68572045714285712
SEER2,13.4,Space Constrained,3.4700950317709771,11.843434343434344,13.535353535353536,13.4,11.843327753484564,10.06682859046188,1.0132287351812366
SEER2,14.3,Space Constrained,3.7031611159944009,12.638888888888889,14.444444444444445,14.3,12.638775139912632,10.742958868925736,0.94945909450549437
SEER2,20,Space Constrained,5.1792463160760844,17.676767676767675,20.2020202020202,20,17.676608587290392,15.025117299196832,0.67886325257142854
HSPF,7.7,Single Package,2.2561,7.7000692999999991,8.800079199999999,8.448076032,7.7,6.468,1.5584275325937653
HSPF,8.8,Single Package,2.5784000000000002,8.8000792,10.057233371428572,9.654944036571429,8.8,7.392,1.3636240910195443
HSPF,10,Single Package,2.9299999999999997,10.000089999999998,11.428674285714283,10.971527314285712,10,8.4,1.1999892000971992
HSPF,7.7,Single Split,2.2561,7.7000692999999991,8.800079199999999,8.3600752399999987,7.7,6.545,1.5584275325937653
HSPF,8.8,Single Split,2.5784000000000002,8.8000792,10.057233371428572,9.5543717028571429,8.8,7.48,1.3636240910195443
HSPF,10,Single Split,2.9299999999999997,10.000089999999998,11.428674285714283,10.857240571428569,10,8.5,1.1999892000971992
HSPF,7.7,Small Duct High Velocity,2.2561,7.7000692999999991,8.800079199999999,8.800079199999999,7.7,6.545,1.5584275325937653
HSPF,8.8,Small Duct High Velocity,2.5784000000000002,8.8000792,10.057233371428572,10.057233371428572,8.8,7.48,1.3636240910195443
HSPF,10,Small Duct High Velocity,2.9299999999999997,10.000089999999998,11.428674285714283,11.428674285714283,10,8.5,1.1999892000971992
HSPF,7.7,Space Constrained,2.2561,7.7000692999999991,8.800079199999999,8.7120784079999982,7.7,6.545,1.5584275325937653
HSPF,8.8,Space Constrained,2.5784000000000002,8.8000792,10.057233371428572,9.9566610377142855,8.8,7.48,1.3636240910195443
HSPF,10,Space Constrained,2.9299999999999997,10.000089999999998,11.428674285714283,11.314387542857141,10,8.5,1.1999892000971992
HSPF2,6.5,Single Package,2.2672619047619045,7.73816488095238,8.84361700680272,8.48987232653061,7.7380952380952381,6.5,1.5507552739717652
HSPF2,7.5,Single Package,2.6160714285714284,8.9286517857142851,10.204173469387754,9.7960065306122441,8.9285714285714288,7.5,1.3439879041088632
HSPF2,9,Single Package,3.1392857142857142,10.714382142857142,12.245008163265306,11.755207836734693,10.714285714285715,9,1.1199899200907193
HSPF2,6.5,Single Split,2.2405882352941178,7.6471276470588219,8.7395744537815112,8.3025957310924348,7.6470588235294121,6.5,1.5692166462809531
HSPF2,7.5,Single Split,2.585294117647059,8.82360882352941,10.084124369747897,9.5799181512605021,8.8235294117647065,7.5,1.3599877601101593
HSPF2,9,Single Split,3.1023529411764703,10.588330588235294,12.10094924369748,11.495901781512606,10.588235294117647,9,1.1333231334251326
HSPF2,6.5,Small Duct High Velocity,2.2405882352941178,7.6471276470588219,8.7395744537815112,8.7395744537815112,7.6470588235294121,6.5,1.5692166462809531
HSPF2,7.5,Small Duct High Velocity,2.585294117647059,8.82360882352941,10.084124369747897,10.084124369747897,8.8235294117647065,7.5,1.3599877601101593
HSPF2,9,Small Duct High Velocity,3.1023529411764703,10.588330588235294,12.10094924369748,12.10094924369748,10.588235294117647,9,1.1333231334251326
HSPF2,6.5,Space Constrained,2.2405882352941178,7.6471276470588219,8.7395744537815112,8.6521787092436959,7.6470588235294121,6.5,1.5692166462809531
HSPF2,7.5,Space Constrained,2.585294117647059,8.82360882352941,10.084124369747897,9.9832831260504182,8.8235294117647065,7.5,1.3599877601101593
HSPF2,9,Space Constrained,3.1023529411764703,10.588330588235294,12.10094924369748,11.979939751260504,10.588235294117647,9,1.1333231334251326
kW/Ton,0.6,Single Package,5.86,20,22.857142857142858,21.942857142857143,20,16.8,0.6
kW/Ton,0.85,Single Package,4.1364705882352943,14.117647058823529,16.134453781512605,15.489075630252099,14.117647058823529,11.858823529411763,0.85
kW/Ton,1.26,Single Package,2.7904761904761903,9.5238095238095237,10.884353741496598,10.448979591836734,9.5238095238095237,8,1.26
kW/Ton,0.6,Single Split,5.86,20,22.857142857142858,21.714285714285715,20,17,0.6
kW/Ton,0.85,Single Split,4.1364705882352943,14.117647058823529,16.134453781512605,15.327731092436974,14.117647058823529,12,0.85
kW/Ton,1.26,Single Split,2.7904761904761903,9.5238095238095237,10.884353741496598,10.340136054421768,9.5238095238095237,8.0952380952380949,1.26
kW/Ton,0.6,Small Duct High Velocity,5.86,20,22.857142857142858,22.857142857142858,20,17,0.6
kW/Ton,0.85,Small Duct High Velocity,4.1364705882352943,14.117647058823529,16.134453781512605,16.134453781512605,14.117647058823529,12,0.85
kW/Ton,1.26,Small Duct High Velocity,2.7904761904761903,9.5238095238095237,10.884353741496598,10.884353741496598,9.5238095238095237,8.0952380952380949,1.26
kW/Ton,0.6,Space Constrained,5.86,20,22.857142857142858,22.62857142857143,20,17,0.6
kW/Ton,0.85,Space Constrained,4.1364705882352943,14.117647058823529,16.134453781512605,15.973109243697479,14.117647058823529,12,0.85
kW/Ton,1.26,Space Constrained,2.7904761904761903,9.5238095238095237,10.884353741496598,10.775510204081632,9.5238095238095237,8.0952380952380949,1.26
