units,t1,fluid1,cp1,m1,t2,fluid2,cp2,m2,temp,cp,mass
US,60,Acetic acid,,50,180,"Water, fresh",,100,156.3855421686747,0.83,150
Metric,15.25,Acetone,,21,80,"Water, fresh",,45,67.5521001615509,0.844090909090909,66
US,62,"Alcohol, ethyl 104oF (ethanol)",,52,180,"Water, fresh",,100,150.19133034379669,0.88026315789473686,152
Metric,15.75,"Alcohol, ethyl 32oF (ethanol)",,23,80,"Water, fresh",,45,65.941826956461369,0.84711764705882364,68
US,64,"Alcohol, methyl. 40 - 50oF",,54,180,"Water, fresh",,100,151.97209161231609,0.85623376623376624,154
Metric,16.25,"Alcohol, methyl. 60 - 70oF",,25,80,"Water, fresh",,45,64.0625,0.85714285714285721,70
US,66,"Alcohol, propyl",,56,180,"Water, fresh",,100,152.41600970285023,0.84564102564102561,156
Metric,16.75,"Ammonia, 104oF",,27,80,"Water, fresh",,45,54.04363207547172,1.0599999999999998,72.000000000000014
US,68,"Ammonia, 176oF",,58,180,"Water, fresh",,100,132.065896350532,1.1064556962025316,158
Metric,17.25,"Ammonia, 212oF",,29,80,"Water, fresh",,45,49.367265696087344,1.188108108108108,74
US,70,"Ammonia, 238oF",,60,180,"Water, fresh",,100,125.95116988809765,1.22875,160
Metric,17.75,"Ammonia, 32oF",,31,80,"Water, fresh",,45,53.164032869785089,1.0407894736842107,75.999999999999986
US,72,Aniline,,62,180,"Water, fresh",,100,153.90008190008189,0.814,162
Metric,18.25,"Benzene, 150oF",,33,80,"Water, fresh",,45,64.4239780658026,0.77153846153846162,78
US,74,"Benzene, 60oF",,64,180,"Water, fresh",,100,157.12421580928481,0.77756097560975612,164
Metric,18.75,Benzine,,35,80,"Water, fresh",,45,62.81110398387208,0.78193966752651189,80
US,76,Benzol,,66,180,"Water, fresh",,100,157.00950303785638,0.7733734939759036,166
Metric,19.25,"Bismuth, 1000oF",,37,80,"Water, fresh",,45,78.211119630413279,0.56543048780487792,82.000000000000014
US,78,"Bismuth, 1400oF",,68,180,"Water, fresh",,100,177.34510150731842,0.61114523809523813,168
Metric,19.75,"Bismuth, 800oF",,39,80,"Water, fresh",,45,78.250825322846879,0.55173214285714289,84
US,80,Bromine,,70,180,"Water, fresh",,100,172.85051067780873,0.6335294117647059,170
Metric,20.25,Calcium Chloride,,41,80,"Water, fresh",,45,56.133491258507952,0.871279069767442,86
US,82,Carbon Disulfide,,72,180,"Water, fresh",,100,165.714890999795,0.68060465116279079,172
Metric,20.75,Carbon Tetrachloride,,43,80,"Water, fresh",,45,70.215687093003837,0.6125113636363636,88
US,84,Castor Oil,,74,180,"Water, fresh",,100,156.82658170232136,0.75758620689655165,174
Metric,21.25,Chloroform,,45,80,"Water, fresh",,45,68.212430055955238,0.6255,90
US,86,Citron Oil,,76,180,"Water, fresh",,100,156.44364508393286,0.75818181818181829,176
Metric,21.75,Decane,,47,80,"Water, fresh",,45,59.295118597456167,0.75886956521739124,92.000000000000014
US,88,Dichlorodifluoromethane R-12 saturated 0oF,,78,180,"Water, fresh",,100,166.68224347022905,0.65688764044943826,178
Metric,22.25,Dichlorodifluoromethane R-12 saturated 120oF,,49,80,"Water, fresh",,45,67.877326357188011,0.60591489361702133,94
US,90,Dichlorodifluoromethane R-12 saturated -40oF,,80,180,"Water, fresh",,100,167.00205338809036,0.64933333333333332,180
Metric,22.75,Diphenylamine,,51,80,"Water, fresh",,45,60.381463628396155,0.713125,96
US,92,Dodecane,,82,180,"Water, fresh",,100,153.41134435015633,0.78734065934065944,182
Metric,23.25,Dowtherm,,53,80,"Water, fresh",,45,62.775615229840582,0.65928571428571425,98
US,94,Ether,,84,180,"Water, fresh",,100,153.57659055641764,0.78452173913043477,184
Metric,23.75,Ethyl ether,,55,80,"Water, fresh",,45,57.912224171671518,0.74095,100
US,96,Ethylene glycol,,86,180,"Water, fresh",,100,152.69546436285097,0.79655913978494619,186
Metric,24.25,Fuel Oil max.,,57,80,"Water, fresh",,45,58.382653061224488,0.72058823529411764,102.00000000000001
US,98,Fuel Oil min.,,88,180,"Water, fresh",,100,158.6508875739645,0.7191489361702128,188
Metric,24.75,Gasoline,,59,80,"Water, fresh",,45,57.348007080110136,0.7333653846153847,104
US,100,Glycerine,,90,180,"Water, fresh",,100,152.68703898840886,0.79915789473684207,190
Metric,25.25,Heptane,,61,80,"Water, fresh",,45,56.985042184581708,0.73240566037735855,106
US,102,Hexane,,92,180,"Water, fresh",,100,154.11117049706039,0.77958333333333341,192
Metric,25.75,Hydrochlor acid,,63,80,"Water, fresh",,45,52.213846297245645,0.85415273398936331,108
US,104,Iodine,,94,180,"Water, fresh",,100,155.37217790996351,0.76257731958762887,194
Metric,26.25,Kerosene,,65,80,"Water, fresh",,45,57.99212598425197,0.69272727272727275,110
US,106,"Light Oil, 300oF",,96,180,"Water, fresh",,100,154.7355110642782,0.77469387755102037,196
Metric,26.75,"Light Oil, 60oF",,67,80,"Water, fresh",,45,59.215113128302391,0.6590178571428571,112
US,108,Linseed Oil,,98,180,"Water, fresh",,100,158.30743432084964,0.72282828282828282,198
Metric,27.25,Mercury,,69,80,"Water, fresh",,45,77.680210325047838,0.41289473684210526,114
US,110,Methyl alcohol,,100,180,"Water, fresh",,100,153.76358857962012,0.79975160026750736,200
Metric,27.75,Milk,,71,80,"Water, fresh",,45,48.792151422946141,0.96327586206896543,116.00000000000001
US,112,Naphthalene,,102,180,"Water, fresh",,100,159.94810322944579,0.702079207920792,202
Metric,28.25,"n-Butane, 32oF",,73,80,"Water, fresh",,45,55.598796241926024,0.72161016949152557,118
US,114,Nitric acid,,104,180,"Water, fresh",,100,160.24285427404777,0.6996311470035611,204
Metric,28.75,Nitro benzole,,75,80,"Water, fresh",,45,60.714656964656974,0.60125000000000006,120
US,116,Octane,,106,180,"Water, fresh",,100,157.54225626379332,0.74786407766990293,206
Metric,29.25,"Oil, Castor",,77,80,"Water, fresh",,45,57.378464096563626,0.66549180327868862,121.99999999999999
US,118,"Oil, mineral",,108,180,"Water, fresh",,100,161.29608938547486,0.68846153846153846,208
Metric,29.75,"Oil, Olive",,79,80,"Water, fresh",,45,57.282570315353723,0.66233870967741926,124.00000000000001
US,120,"Oil, turpentine",,110,180,"Water, fresh",,100,160.73555166374783,0.7013880358678295,210
Metric,30.25,"Oil, vegetable",,81,80,"Water, fresh",,45,59.174418604651159,0.61428571428571432,126
US,122,Olive oil,,112,180,"Water, fresh",,100,159.99790356394132,0.72,212
Metric,30.75,Paraffin,,83,80,"Water, fresh",,45,56.12787701820681,0.682265625,128
US,124,Perchlor ethylene,,114,180,"Water, fresh",,100,168.92877263581488,0.58243799605167645,214
Metric,31.25,Petroleum,,85,80,"Water, fresh",,45,56.080220713073018,0.67961538461538462,130
US,126,Petroleum ether,,116,180,"Water, fresh",,100,162.2994027358551,0.68871656599754438,216
Metric,31.75,Phenol,,87,80,"Water, fresh",,45,60.863032984714408,0.56500000000000006,131.99999999999997
US,128,Potassium hydrate,,118,180,"Water, fresh",,100,153.51020408163265,0.935045871559633,218
Metric,32.25,"Propane, 32oF",,89,80,"Water, fresh",,45,54.571428571428569,0.71838805970149244,134.00000000000003
US,130,Propylene,,120,180,"Water, fresh",,100,157.53303964757708,0.82545454545454544,220
Metric,32.75,Propylene Glycol,,91,80,"Water, fresh",,45,54.097891566265069,0.73235294117647065,136
US,132,Sesame oil,,122,180,"Water, fresh",,100,164.52473234855671,0.66477477477477476,222
Metric,33.25,Sodium hydrate,,93,80,"Water, fresh",,45,49.136950611690082,0.95956521739130429,138
US,134,"Sodium, 1000oF",,124,180,"Water, fresh",,100,167.52769679300292,0.6125,224
Metric,33.75,"Sodium, 200oF",,95,80,"Water, fresh",,45,61.009332023575652,0.54535714285714287,140
US,136,Soya bean oil,,126,180,"Water, fresh",,100,163.63471925637481,0.70451327433628319,226
Metric,34.25,Sulfuric acid,,97,80,"Water, fresh",,45,61.322718335605195,0.53552950453268966,141.99999999999997
US,138,Sulfuric acid concentrated,,128,180,"Water, fresh",,100,167.53799637169925,0.62363920693105646,228
Metric,34.75,Toluene,,99,80,"Water, fresh",,45,58.5407465825447,0.59437499999999988,144.00000000000003
US,140,Trichlor ethylene,,130,180,"Water, fresh",,100,168.49714130138852,0.61028241969585573,230
Metric,35.25,Tuluol,,101,80,"Water, fresh",,45,60.001106194690266,0.55726027397260269,146
US,142,Turpentine,,132,180,"Water, fresh",,100,166.63501283613826,0.66487931034482761,232
Metric,35.75,"Water, fresh",,103,80,"Water, fresh",,45,49.2043918918919,1,148
US,144,"Water, sea 36oF",,134,180,"Water, fresh",,100,159.95094199174096,0.96449572649572635,234
Metric,36.25,Xylene,,105,80,"Water, fresh",,45,58.609454855195914,0.587,150
US,40,_Other,0.85,12.5,140,Ethylene glycol,,30,101.25797629899726,0.64529411764705891,42.5
US,-10,_Other,0.3,1000,250,_Other,1.2,0.5,-9.4810379241516962,0.30044977511244381,1000.5
Metric,40,_Other,0.85,12.5,140,Ethylene glycol,,30,101.25797629899726,0.64529411764705891,42.5
Metric,-10,_Other,0.3,1000,250,_Other,1.2,0.5,-9.481037924151698,0.30044977511244375,1000.5000000000001
