zeroTemp,designTemp,designLoad,lowTemp,lowCap,highTemp,highCap,loadSlope,capSlope,balance,loadAtBalance,capAtDesign,supplemental,supplementalKw,strip,emergencyKw,emergencyStrip
65,17,15000,17,10700,47,17800,312.5,236.66666666666666,24.830045523520486,12553.110773899849,10700,4300,1.2602056028957977,5,4.3960660566132477,5
65,5,36000,17,22000,47,34000,600,400,23.8,24720,17200,18800,5.5097361242886036,8,10.550558535871795,15
65,-10,60000,5,30000,47,42000,800,285.71428571428572,21.578947368421051,34736.842105263153,25714.285714285714,34285.71428571429,10.048150986544568,15,17.584264226452991,20
60,10,24000,17,30000,47,36000,480,200,3.2352941176470589,27247.058823529413,28600,0,0,0,7.0337056905811961,8
65,20,90000,17,40000,47,60000,2000,666.66666666666663,38,54000,42000,48000,14.067411381162392,15,26.376396339679488,Over 25 kW
65,17,18000,17,12000,47,12000,375,0,33,12000,12000,6000,1.758426422645299,5,5.2752792679358977,8
65,17,15000,47,17800,17,10700,312.5,236.66666666666666,24.830045523520486,12553.110773899849,10700,4300,1.2602056028957977,5,4.3960660566132477,5
65,17,4800,17,10000,47,7000,100,-100,,,10000,0,0,0,1.4067411381162394,5
70,0,50000,-5,28000,47,48000,714.28571428571433,384.61538461538464,18.27,36950.000000000007,29923.076923076922,20076.923076923078,5.8839653373131169,8,14.65355352204416,15
65,2,32000,5,16500,47,29500,507.93650793650795,309.52380952380952,22.097087378640776,21791.955617198335,15571.428571428571,16428.571428571428,4.8147390143859381,5,9.3782742541082627,10
68,25,12000,17,9000,47,14000,279.06976744186045,166.66666666666666,28.739130434782609,10956.521739130434,10333.333333333334,1666.6666666666661,0.48845178406813849,5,3.5168528452905981,5
65,17,0,17,10700,47,17800,0,236.66666666666666,-28.211267605633804,0,10700,0,0,0,0,0
65,17,30000,17,0,47,12000,625,400,46.268292682926827,11707.317073170732,0,30000,8.7921321132264953,10,8.7921321132264953,10
55,-20,75000,-13,28000,47,51000,1000,383.33333333333331,15.915662650602412,39084.337349397589,25316.666666666668,49683.333333333328,14.560747683071211,15,21.980330283066237,25
65,17,42650.5,17,18250.25,47,29900.75,888.55208333333337,388.35,36.108943683687571,25671.208279560069,18250.25,24400.25,7.15100738652516,8,12.499627689838889,15
