savings,rate,taxRate,rent,hoa,insurance,parking,price,closing,mortgageRate,years,newHoa,newParking,insurancePct,taxPct,interest,interestTax,currentInterest,currentHousing,newSavings,newInterest,mortgage,payment,newInsurance,newTaxes,newHousing,housingChange,interestChange,net,netAnnual,verdict
100000,0.045,0.24,2400,0,25,150,450000,0.01,0.065,30,350,0,0.00575,0.0095,4500,1080,285,2575,0,0,354500,2240.6811432825566,215.625,356.25,3162.5561432825566,587.5561432825566,-285,872.5561432825566,10470.673719390679,The new home will COST More:
100000,0.045,0.32,2400,0,25,150,450000,0.025,0.065,30,350,0,0.009,0.021,4500,1440,255,2575,0,0,361250,2283.3457348683314,337.49999999999994,787.5,3758.3457348683314,1183.3457348683314,-255,1438.3457348683314,17260.148818419977,The new home will COST More:
100000,0.045,0.24,3100,450,60,0,450000,0.01,0.065,30,0,120,0.00575,0.0095,4500,1080,285,3610,0,0,354500,2240.6811432825566,215.625,356.25,2932.5561432825566,-677.4438567174434,-285,392.4438567174434,4709.3262806093207,The new home will SAVE you Money
100000,0.045,0.32,3100,450,60,0,450000,0.025,0.065,30,0,120,0.009,0.021,4500,1440,255,3610,0,0,361250,2283.3457348683314,337.49999999999994,787.5,3528.3457348683314,-81.654265131668581,-255,173.34573486833142,2080.148818419977,The new home will COST More:
100000,0.045,0.24,2400,0,25,150,600000,0.01,0.07,15,350,0,0.00575,0.0095,4500,1080,285,2575,0,0,506000,4548.07105051328,287.5,475,5660.57105051328,3085.57105051328,-285,3370.57105051328,40446.852606159358,The new home will COST More:
100000,0.045,0.32,2400,0,25,150,600000,0.025,0.07,15,350,0,0.009,0.021,4500,1440,255,2575,0,0,515000,4628.965594889999,450,1050,6478.965594889999,3903.965594889999,-255,4158.965594889999,49907.587138679984,The new home will COST More:
100000,0.045,0.24,3100,450,60,0,600000,0.01,0.07,15,0,120,0.00575,0.0095,4500,1080,285,3610,0,0,506000,4548.07105051328,287.5,475,5430.57105051328,1820.5710505132802,-285,2105.57105051328,25266.852606159362,The new home will COST More:
100000,0.045,0.32,3100,450,60,0,600000,0.025,0.07,15,0,120,0.009,0.021,4500,1440,255,3610,0,0,515000,4628.965594889999,450,1050,6248.965594889999,2638.965594889999,-255,2893.965594889999,34727.587138679984,The new home will COST More:
100000,0.045,0.24,2400,0,25,150,300000,0.01,0.055,30,350,0,0.00575,0.0095,4500,1080,285,2575,0,0,203000,1152.6116727344158,143.75,237.5,1883.8616727344158,-691.13832726558417,-285,406.13832726558417,4873.65992718701,The new home will SAVE you Money
100000,0.045,0.32,2400,0,25,150,300000,0.025,0.055,30,350,0,0.009,0.021,4500,1440,255,2575,0,0,207500,1178.1621777950309,225,525,2278.1621777950309,-296.83782220496914,-255,41.837822204969143,502.05386645962972,The new home will SAVE you Money
100000,0.045,0.24,3100,450,60,0,300000,0.01,0.055,30,0,120,0.00575,0.0095,4500,1080,285,3610,0,0,203000,1152.6116727344158,143.75,237.5,1653.8616727344158,-1956.1383272655842,-285,1671.1383272655842,20053.659927187011,The new home will SAVE you Money
100000,0.045,0.32,3100,450,60,0,300000,0.025,0.055,30,0,120,0.009,0.021,4500,1440,255,3610,0,0,207500,1178.1621777950309,225,525,2048.1621777950309,-1561.8378222049691,-255,1306.8378222049691,15682.05386645963,The new home will SAVE you Money
0,0,0.24,2400,0,25,150,450000,0.01,0.065,30,350,0,0.00575,0.0095,0,0,0,2575,0,0,454500,2872.7491667755203,215.625,356.25,3794.6241667755203,1219.6241667755203,0,1219.6241667755203,14635.490001306243,The new home will COST More:
0,0,0.32,2400,0,25,150,450000,0.025,0.065,30,350,0,0.009,0.021,0,0,0,2575,0,0,461250,2915.4137583612951,337.49999999999994,787.5,4390.4137583612955,1815.4137583612955,0,1815.4137583612955,21784.965100335547,The new home will COST More:
0,0,0.24,3100,450,60,0,450000,0.01,0.065,30,0,120,0.00575,0.0095,0,0,0,3610,0,0,454500,2872.7491667755203,215.625,356.25,3564.6241667755203,-45.37583322447972,0,45.37583322447972,544.50999869375664,The new home will SAVE you Money
0,0,0.32,3100,450,60,0,450000,0.025,0.065,30,0,120,0.009,0.021,0,0,0,3610,0,0,461250,2915.4137583612951,337.49999999999994,787.5,4160.4137583612955,550.41375836129555,0,550.41375836129555,6604.9651003355466,The new home will COST More:
0,0,0.24,2400,0,25,150,600000,0.01,0.07,15,350,0,0.00575,0.0095,0,0,0,2575,0,0,606000,5446.8993213657077,287.5,475,6559.3993213657077,3984.3993213657077,0,3984.3993213657077,47812.791856388489,The new home will COST More:
0,0,0.32,2400,0,25,150,600000,0.025,0.07,15,350,0,0.009,0.021,0,0,0,2575,0,0,615000,5527.7938657424265,450,1050,7377.7938657424265,4802.7938657424265,0,4802.7938657424265,57633.526388909115,The new home will COST More:
0,0,0.24,3100,450,60,0,600000,0.01,0.07,15,0,120,0.00575,0.0095,0,0,0,3610,0,0,606000,5446.8993213657077,287.5,475,6329.3993213657077,2719.3993213657077,0,2719.3993213657077,32632.791856388492,The new home will COST More:
0,0,0.32,3100,450,60,0,600000,0.025,0.07,15,0,120,0.009,0.021,0,0,0,3610,0,0,615000,5527.7938657424265,450,1050,7147.7938657424265,3537.7938657424265,0,3537.7938657424265,42453.526388909115,The new home will COST More:
0,0,0.24,2400,0,25,150,300000,0.01,0.055,30,350,0,0.00575,0.0095,0,0,0,2575,0,0,303000,1720.4006740814186,143.75,237.5,2451.6506740814184,-123.3493259185816,0,123.3493259185816,1480.1919110229792,The new home will SAVE you Money
0,0,0.32,2400,0,25,150,300000,0.025,0.055,30,350,0,0.009,0.021,0,0,0,2575,0,0,307500,1745.9511791420339,225,525,2845.9511791420337,270.95117914203365,0,270.95117914203365,3251.4141497044038,The new home will COST More:
0,0,0.24,3100,450,60,0,300000,0.01,0.055,30,0,120,0.00575,0.0095,0,0,0,3610,0,0,303000,1720.4006740814186,143.75,237.5,2221.6506740814184,-1388.3493259185816,0,1388.3493259185816,16660.191911022979,The new home will SAVE you Money
0,0,0.32,3100,450,60,0,300000,0.025,0.055,30,0,120,0.009,0.021,0,0,0,3610,0,0,307500,1745.9511791420339,225,525,2615.9511791420337,-994.04882085796635,0,994.04882085796635,11928.585850295596,The new home will SAVE you Money
650000,0.05,0.24,2400,0,25,150,450000,0.01,0.065,30,350,0,0.00575,0.0095,32500,7800,2058.3333333333335,2575,195500,619.08333333333337,0,0,215.625,356.25,921.875,-1653.125,-1439.25,213.875,2566.5,The new home will SAVE you Money
650000,0.05,0.32,2400,0,25,150,450000,0.025,0.065,30,350,0,0.009,0.021,32500,10400,1841.6666666666667,2575,188750,534.83333333333337,0,0,337.49999999999994,787.5,1475,-1100,-1306.8333333333335,206.83333333333348,2482.0000000000018,The new home will COST More:
650000,0.05,0.24,3100,450,60,0,450000,0.01,0.065,30,0,120,0.00575,0.0095,32500,7800,2058.3333333333335,3610,195500,619.08333333333337,0,0,215.625,356.25,691.875,-2918.125,-1439.25,1478.875,17746.5,The new home will SAVE you Money
650000,0.05,0.32,3100,450,60,0,450000,0.025,0.065,30,0,120,0.009,0.021,32500,10400,1841.6666666666667,3610,188750,534.83333333333337,0,0,337.49999999999994,787.5,1245,-2365,-1306.8333333333335,1058.1666666666665,12697.999999999998,The new home will SAVE you Money
650000,0.05,0.24,2400,0,25,150,600000,0.01,0.07,15,350,0,0.00575,0.0095,32500,7800,2058.3333333333335,2575,44000,139.33333333333334,0,0,287.5,475,1112.5,-1462.5,-1919.0000000000002,456.50000000000023,5478.0000000000027,The new home will COST More:
650000,0.05,0.32,2400,0,25,150,600000,0.025,0.07,15,350,0,0.009,0.021,32500,10400,1841.6666666666667,2575,35000,99.166666666666671,0,0,450,1050,1850,-725,-1742.5,1017.5,12210,The new home will COST More:
650000,0.05,0.24,3100,450,60,0,600000,0.01,0.07,15,0,120,0.00575,0.0095,32500,7800,2058.3333333333335,3610,44000,139.33333333333334,0,0,287.5,475,882.5,-2727.5,-1919.0000000000002,808.49999999999977,9701.9999999999964,The new home will SAVE you Money
650000,0.05,0.32,3100,450,60,0,600000,0.025,0.07,15,0,120,0.009,0.021,32500,10400,1841.6666666666667,3610,35000,99.166666666666671,0,0,450,1050,1620,-1990,-1742.5,247.5,2970,The new home will SAVE you Money
650000,0.05,0.24,2400,0,25,150,300000,0.01,0.055,30,350,0,0.00575,0.0095,32500,7800,2058.3333333333335,2575,347000,1098.8333333333333,0,0,143.75,237.5,731.25,-1843.75,-959.50000000000023,884.24999999999977,10610.999999999996,The new home will SAVE you Money
650000,0.05,0.32,2400,0,25,150,300000,0.025,0.055,30,350,0,0.009,0.021,32500,10400,1841.6666666666667,2575,342500,970.41666666666663,0,0,225,525,1100,-1475,-871.25000000000011,603.74999999999989,7244.9999999999982,The new home will SAVE you Money
650000,0.05,0.24,3100,450,60,0,300000,0.01,0.055,30,0,120,0.00575,0.0095,32500,7800,2058.3333333333335,3610,347000,1098.8333333333333,0,0,143.75,237.5,501.25,-3108.75,-959.50000000000023,2149.25,25791,The new home will SAVE you Money
650000,0.05,0.32,3100,450,60,0,300000,0.025,0.055,30,0,120,0.009,0.021,32500,10400,1841.6666666666667,3610,342500,970.41666666666663,0,0,225,525,870,-2740,-871.25000000000011,1868.75,22425,The new home will SAVE you Money
42500.5,0.0375,0.24,2400,0,25,150,450000,0.01,0.065,30,350,0,0.00575,0.0095,1593.7687500000029,382.50450000000069,100.93868750000019,2575,0,0,411999.5,2604.1170964508933,215.625,356.25,3525.9920964508933,950.99209645089331,-100.93868750000019,1051.9307839508936,12623.169407410722,The new home will COST More:
42500.5,0.0375,0.32,2400,0,25,150,450000,0.025,0.065,30,350,0,0.009,0.021,1593.7687500000029,510.00600000000094,90.31356250000016,2575,0,0,418749.5,2646.7816880366686,337.49999999999994,787.5,4121.7816880366681,1546.7816880366681,-90.31356250000016,1637.0952505366683,19645.143006440019,The new home will COST More:
42500.5,0.0375,0.24,3100,450,60,0,450000,0.01,0.065,30,0,120,0.00575,0.0095,1593.7687500000029,382.50450000000069,100.93868750000019,3610,0,0,411999.5,2604.1170964508933,215.625,356.25,3295.9920964508933,-314.00790354910669,-100.93868750000019,213.0692160491065,2556.8305925892782,The new home will SAVE you Money
42500.5,0.0375,0.32,3100,450,60,0,450000,0.025,0.065,30,0,120,0.009,0.021,1593.7687500000029,510.00600000000094,90.31356250000016,3610,0,0,418749.5,2646.7816880366686,337.49999999999994,787.5,3891.7816880366686,281.78168803666858,-90.31356250000016,372.09525053666874,4465.1430064400247,The new home will COST More:
42500.5,0.0375,0.24,2400,0,25,150,600000,0.01,0.07,15,350,0,0.00575,0.0095,1593.7687500000029,382.50450000000069,100.93868750000019,2575,0,0,563499.5,5064.8928121120716,287.5,475,6177.3928121120716,3602.3928121120716,-100.93868750000019,3703.3314996120716,44439.97799534486,The new home will COST More:
42500.5,0.0375,0.32,2400,0,25,150,600000,0.025,0.07,15,350,0,0.009,0.021,1593.7687500000029,510.00600000000094,90.31356250000016,2575,0,0,572499.5,5145.7873564887905,450,1050,6995.7873564887905,4420.7873564887905,-90.31356250000016,4511.1009189887909,54133.211027865487,The new home will COST More:
42500.5,0.0375,0.24,3100,450,60,0,600000,0.01,0.07,15,0,120,0.00575,0.0095,1593.7687500000029,382.50450000000069,100.93868750000019,3610,0,0,563499.5,5064.8928121120716,287.5,475,5947.3928121120716,2337.3928121120716,-100.93868750000019,2438.3314996120716,29259.97799534486,The new home will COST More:
42500.5,0.0375,0.32,3100,450,60,0,600000,0.025,0.07,15,0,120,0.009,0.021,1593.7687500000029,510.00600000000094,90.31356250000016,3610,0,0,572499.5,5145.7873564887905,450,1050,6765.7873564887905,3155.7873564887905,-90.31356250000016,3246.1009189887905,38953.211027865487,The new home will COST More:
42500.5,0.0375,0.24,2400,0,25,150,300000,0.01,0.055,30,350,0,0.00575,0.0095,1593.7687500000029,382.50450000000069,100.93868750000019,2575,0,0,260499.5,1479.0875095639358,143.75,237.5,2210.3375095639358,-364.66249043606422,-100.93868750000019,263.72380293606403,3164.6856352327686,The new home will SAVE you Money
42500.5,0.0375,0.32,2400,0,25,150,300000,0.025,0.055,30,350,0,0.009,0.021,1593.7687500000029,510.00600000000094,90.31356250000016,2575,0,0,264999.5,1504.6380146245508,225,525,2604.638014624551,29.638014624551033,-90.31356250000016,119.95157712455119,1439.4189254946143,The new home will COST More:
42500.5,0.0375,0.24,3100,450,60,0,300000,0.01,0.055,30,0,120,0.00575,0.0095,1593.7687500000029,382.50450000000069,100.93868750000019,3610,0,0,260499.5,1479.0875095639358,143.75,237.5,1980.3375095639358,-1629.6624904360642,-100.93868750000019,1528.723802936064,18344.685635232767,The new home will SAVE you Money
42500.5,0.0375,0.32,3100,450,60,0,300000,0.025,0.055,30,0,120,0.009,0.021,1593.7687500000029,510.00600000000094,90.31356250000016,3610,0,0,264999.5,1504.6380146245508,225,525,2374.638014624551,-1235.361985375449,-90.31356250000016,1145.0484228754488,13740.581074505386,The new home will SAVE you Money
453000,0.04,0.24,2400,0,25,150,450000,0.01,0.065,30,350,0,0.00575,0.0095,18120,4348.8,1147.6000000000001,2575,0,0,1500,9.4810203523944558,215.625,356.25,931.35602035239447,-1643.6439796476056,-1147.6000000000001,496.04397964760551,5952.5277557712661,The new home will SAVE you Money
453000,0.04,0.32,2400,0,25,150,450000,0.025,0.065,30,350,0,0.009,0.021,18120,5798.4000000000005,1026.8,2575,0,0,8250,52.145611938169509,337.49999999999994,787.5,1527.1456119381694,-1047.8543880618306,-1026.8,21.05438806183065,252.6526567419678,The new home will SAVE you Money
453000,0.04,0.24,3100,450,60,0,450000,0.01,0.065,30,0,120,0.00575,0.0095,18120,4348.8,1147.6000000000001,3610,0,0,1500,9.4810203523944558,215.625,356.25,701.35602035239447,-2908.6439796476056,-1147.6000000000001,1761.0439796476055,21132.527755771265,The new home will SAVE you Money
453000,0.04,0.32,3100,450,60,0,450000,0.025,0.065,30,0,120,0.009,0.021,18120,5798.4000000000005,1026.8,3610,0,0,8250,52.145611938169509,337.49999999999994,787.5,1297.1456119381694,-2312.8543880618308,-1026.8,1286.0543880618309,15432.652656741971,The new home will SAVE you Money
453000,0.04,0.24,2400,0,25,150,600000,0.01,0.07,15,350,0,0.00575,0.0095,18120,4348.8,1147.6000000000001,2575,0,0,153000,1375.2072544042135,287.5,475,2487.7072544042135,-87.292745595786528,-1147.6000000000001,1060.3072544042136,12723.687052850564,The new home will COST More:
453000,0.04,0.32,2400,0,25,150,600000,0.025,0.07,15,350,0,0.009,0.021,18120,5798.4000000000005,1026.8,2575,0,0,162000,1456.1017987809316,450,1050,3306.1017987809319,731.10179878093186,-1026.8,1757.9017987809318,21094.821585371181,The new home will COST More:
453000,0.04,0.24,3100,450,60,0,600000,0.01,0.07,15,0,120,0.00575,0.0095,18120,4348.8,1147.6000000000001,3610,0,0,153000,1375.2072544042135,287.5,475,2257.7072544042135,-1352.2927455957865,-1147.6000000000001,204.69274559578639,2456.3129471494367,The new home will SAVE you Money
453000,0.04,0.32,3100,450,60,0,600000,0.025,0.07,15,0,120,0.009,0.021,18120,5798.4000000000005,1026.8,3610,0,0,162000,1456.1017987809316,450,1050,3076.1017987809319,-533.89820121906814,-1026.8,492.90179878093181,5914.8215853711818,The new home will COST More:
453000,0.04,0.24,2400,0,25,150,300000,0.01,0.055,30,350,0,0.00575,0.0095,18120,4348.8,1147.6000000000001,2575,150000,380,0,0,143.75,237.5,731.25,-1843.75,-767.60000000000014,1076.1499999999999,12913.8,The new home will SAVE you Money
453000,0.04,0.32,2400,0,25,150,300000,0.025,0.055,30,350,0,0.009,0.021,18120,5798.4000000000005,1026.8,2575,145500,329.83333333333331,0,0,225,525,1100,-1475,-696.9666666666667,778.0333333333333,9336.4,The new home will SAVE you Money
453000,0.04,0.24,3100,450,60,0,300000,0.01,0.055,30,0,120,0.00575,0.0095,18120,4348.8,1147.6000000000001,3610,150000,380,0,0,143.75,237.5,501.25,-3108.75,-767.60000000000014,2341.1499999999996,28093.799999999996,The new home will SAVE you Money
453000,0.04,0.32,3100,450,60,0,300000,0.025,0.055,30,0,120,0.009,0.021,18120,5798.4000000000005,1026.8,3610,145500,329.83333333333331,0,0,225,525,870,-2740,-696.9666666666667,2043.0333333333333,24516.4,The new home will SAVE you Money
