frame,panes,glazing,door,u,shgc,vt,doorU
Metal,Double Pane,Clear,Insulated Metal (Other),U-Value: 0.8,SHGC: 0.7,VT: 0.6,0.6
Metal,Double Pane,Tinted,Insulated Metal (Rolling),U-Value: 0.8,SHGC: 0.6,VT: 0.3,0.9
Metal,Single Pane,Clear,"Insulated, nonmetal edge, max 45% glazing, any glazing double pane",U-Value: 1.2,SHGC: 0.8,VT: 0.6,0.35
Metal,Single Pane,Tinted,Uninsulated Metal,U-Value: 1.2,SHGC: 0.7,VT: 0.3,1.2
Metal w Thermal Break,Double Pane,Clear,Wood,U-Value: 0.65,SHGC: 0.7,VT: 0.6,0.5
Metal w Thermal Break,Double Pane,Tinted,Insulated Metal (Other),U-Value: 0.65,SHGC: 0.6,VT: 0.3,0.6
Metal w Thermal Break,Single Pane,Clear,Insulated Metal (Rolling),U-Value: 1.1,SHGC: 0.8,VT: 0.6,0.9
Metal w Thermal Break,Single Pane,Tinted,"Insulated, nonmetal edge, max 45% glazing, any glazing double pane",U-Value: 1.1,SHGC: 0.7,VT: 0.3,0.35
Nonmetal or Metal Clad,Double Pane,Clear,Uninsulated Metal,U-Value: 0.55,SHGC: 0.7,VT: 0.6,1.2
Nonmetal or Metal Clad,Double Pane,Tinted,Wood,U-Value: 0.55,SHGC: 0.6,VT: 0.3,0.5
Nonmetal or Metal Clad,Single Pane,Clear,Insulated Metal (Other),U-Value: 0.95,SHGC: 0.8,VT: 0.6,0.6
Nonmetal or Metal Clad,Single Pane,Tinted,Insulated Metal (Rolling),U-Value: 0.95,SHGC: 0.7,VT: 0.3,0.9
Glazed Block,Double Pane,Clear,"Insulated, nonmetal edge, max 45% glazing, any glazing double pane",U-Value: 0.6,SHGC: 0.6,VT: 0.6,0.35
Glazed Block,Double Pane,Tinted,Uninsulated Metal,U-Value: 0.6,SHGC: 0.6,VT: 0.6,1.2
Glazed Block,Single Pane,Clear,Wood,U-Value: 0.6,SHGC: 0.6,VT: 0.6,0.5
Glazed Block,Single Pane,Tinted,Insulated Metal (Other),U-Value: 0.6,SHGC: 0.6,VT: 0.6,0.6
Skylight - Metal,Double Pane,Clear,Insulated Metal (Rolling),U-Value: 1.3,SHGC: 0.7,VT: 0.6,0.9
Skylight - Metal,Double Pane,Tinted,"Insulated, nonmetal edge, max 45% glazing, any glazing double pane",U-Value: 1.3,SHGC: 0.6,VT: 0.3,0.35
Skylight - Metal,Single Pane,Clear,Uninsulated Metal,U-Value: 2,SHGC: 0.8,VT: 0.6,1.2
Skylight - Metal,Single Pane,Tinted,Wood,U-Value: 2,SHGC: 0.7,VT: 0.3,0.5
Skylight - Metal w Thermal Break,Double Pane,Clear,Insulated Metal (Other),U-Value: 1.1,SHGC: 0.7,VT: 0.6,0.6
Skylight - Metal w Thermal Break,Double Pane,Tinted,Insulated Metal (Rolling),U-Value: 1.1,SHGC: 0.6,VT: 0.3,0.9
Skylight - Metal w Thermal Break,Single Pane,Clear,"Insulated, nonmetal edge, max 45% glazing, any glazing double pane",U-Value: 1.9,SHGC: 0.8,VT: 0.6,0.35
Skylight - Metal w Thermal Break,Single Pane,Tinted,Uninsulated Metal,U-Value: 1.9,SHGC: 0.7,VT: 0.3,1.2
Skylight - Nonmetal or Metal Clad,Double Pane,Clear,Wood,U-Value: 1.05,SHGC: 0.7,VT: 0.6,0.5
Skylight - Nonmetal or Metal Clad,Double Pane,Tinted,Insulated Metal (Other),U-Value: 1.05,SHGC: 0.6,VT: 0.3,0.6
Skylight - Nonmetal or Metal Clad,Single Pane,Clear,Insulated Metal (Rolling),U-Value: 1.75,SHGC: 0.8,VT: 0.6,0.9
Skylight - Nonmetal or Metal Clad,Single Pane,Tinted,"Insulated, nonmetal edge, max 45% glazing, any glazing double pane",U-Value: 1.75,SHGC: 0.7,VT: 0.3,0.35
