V,I,R,P,outV,outI,outR,outP
24,0.5,,,24,0.5,48,12
24,12,,,24,12,2,288
24,21.63,,,24,21.63,1.1095700416088765,519.12
120,0.5,,,120,0.5,240,60
120,12,,,120,12,10,1440
120,21.63,,,120,21.63,5.547850208044383,2595.6
208,0.5,,,208,0.5,416,104
208,12,,,208,12,17.333333333333332,2496
208,21.63,,,208,21.63,9.6162736939435973,4499.04
480,0.5,,,480,0.5,960,240
480,12,,,480,12,40,5760
480,21.63,,,480,21.63,22.191400832177532,10382.4
24,,2.5,,24,9.6,2.5,230.4
24,,9.61,,24,2.4973985431841834,9.61,59.9375650364204
24,,1000,,24,0.024,1000,0.576
120,,2.5,,120,48,2.5,5760
120,,9.61,,120,12.486992715920916,9.61,1498.43912591051
120,,1000,,120,0.12,1000,14.4
208,,2.5,,208,83.2,2.5,17305.6
208,,9.61,,208,21.644120707596255,9.61,4501.9771071800214
208,,1000,,208,0.208,1000,43.264
480,,2.5,,480,192,2.5,92160
480,,9.61,,480,49.947970863683665,9.61,23975.02601456816
480,,1000,,480,0.48,1000,230.4
24,,,40,24,1.6666666666666667,14.4,40
24,,,4500,24,187.5,0.128,4500
24,,,25000,24,1041.6666666666667,0.02304,25000
120,,,40,120,0.33333333333333331,360,40
120,,,4500,120,37.5,3.2,4500
120,,,25000,120,208.33333333333334,0.576,25000
208,,,40,208,0.19230769230769232,1081.6,40
208,,,4500,208,21.634615384615383,9.6142222222222227,4500
208,,,25000,208,120.19230769230769,1.73056,25000
480,,,40,480,0.083333333333333329,5760,40
480,,,4500,480,9.375,51.2,4500
480,,,25000,480,52.083333333333336,9.216,25000
,0.5,2.5,,1.25,0.5,2.5,0.625
,0.5,9.61,,4.805,0.5,9.61,2.4025
,0.5,1000,,500,0.5,1000,250
,12,2.5,,30,12,2.5,360
,12,9.61,,115.32,12,9.61,1383.84
,12,1000,,12000,12,1000,144000
,21.63,2.5,,54.074999999999996,21.63,2.5,1169.6422499999999
,21.63,9.61,,207.8643,21.63,9.61,4496.1048089999995
,21.63,1000,,21630,21.63,1000,467856.89999999997
,0.5,,40,80,0.5,160,40
,0.5,,4500,9000,0.5,18000,4500
,0.5,,25000,50000,0.5,100000,25000
,12,,40,3.3333333333333335,12,0.27777777777777779,40
,12,,4500,375,12,31.25,4500
,12,,25000,2083.3333333333335,12,173.61111111111111,25000
,21.63,,40,1.8492834026814611,21.63,0.085496227585828075,40
,21.63,,4500,208.04438280166437,21.63,9.6183256034056583,4500
,21.63,,25000,1155.8021266759131,21.63,53.435142241142543,25000
,,2.5,40,10,4,2.5,40
,,2.5,4500,106.06601717798213,42.426406871192853,2.5,4500
,,2.5,25000,250,100,2.5,25000
,,9.61,40,19.60612149304395,2.0401791355925027,9.61,40
,,9.61,4500,207.95432190748045,21.639367524191513,9.61,4500
,,9.61,25000,490.1530373260988,51.004478389812569,9.61,25000
,,1000,40,200,0.2,1000,40
,,1000,4500,2121.3203435596424,2.1213203435596424,1000,4500
,,1000,25000,5000,5,1000,25000
