h,hf,d,df,c,cf,w,wf,hookWhole,hookFrac,lineWhole,lineFrac,thirdWhole,thirdFrac
24,0,3,3/8,60,5/8,36,7/8,69,1/4,18,1/2,12,3/8
17,1/8,0,0,57,0,63,0,65,5/8,31,1/2,21,-
25,1/8,3,1/2,60,3/4,37,3/4,69,7/8,18,7/8,12,5/8
17,1/4,0,1/8,57,0,63,1/8,65,1/2,31,5/8,21,1/8
26,1/4,3,5/8,60,7/8,38,5/8,70,3/8,19,3/8,12,7/8
17,3/8,0,1/4,57,0,63,1/4,65,1/2,31,5/8,21,1/8
27,3/8,3,3/4,60,0,39,1/2,70,,19,3/4,13,1/4
17,1/2,0,3/8,57,0,63,3/8,65,3/8,31,3/4,21,1/8
28,1/2,3,7/8,60,1/8,40,3/8,70,1/2,20,1/4,13,1/2
17,5/8,0,1/2,57,0,63,1/2,65,3/8,31,3/4,21,1/4
29,5/8,3,0,60,1/4,41,1/4,72,1/8,20,5/8,13,3/4
17,3/4,0,5/8,57,0,63,5/8,65,1/4,31,7/8,21,1/4
30,3/4,3,1/8,60,3/8,42,1/8,72,5/8,21,1/8,14,1/8
17,7/8,0,3/4,57,0,63,3/4,65,1/4,31,7/8,21,1/4
31,7/8,3,1/4,60,1/2,43,0,73,1/4,21,1/2,14,3/8
17,0,0,7/8,57,0,63,7/8,64,5/8,32,,21,3/8
30,0,4,0,60,0,40,0,71,-,20,-,13,3/8
20,0,2,1/2,58,0,11,7/8,65,1/2,6,,4,
20,0,2,1/2,58,0,23,7/8,65,1/2,12,,8,
20,0,2,1/2,58,0,35,7/8,65,1/2,18,,12,
20,0,2,1/2,58,0,47,7/8,65,1/2,24,,16,
