find,P,F,A,G,i,n,result
Future Value (F),5000,,,,0.05,10,8144.473133887208
Present Value (P),,10000,,,0.04,3,8889.96358670915
Future Value (F),,,500,,0.08,8,5318.3138142617645
Present Value (P),,,1000,,0.07,5,4100.1974359475953
Uniform Series (A),,10000,,,0.06,5,1773.9640043118936
Uniform Series (A),50000,,,,0.08,10,7451.47443485377
Future Value (F),,,,2000,0.05,8,61964.355031249965
Present Value (P),,,,2000,0.05,8,41939.914527870278
Uniform Series (A),,,,2000,0.05,8,6489.0196391420359
Future Value (F),1000,,100,25,0.065,15,8521.6615288700486
Present Value (P),,8000,500,-20,0.07,10,7024.27407337678
Present Value (P),,,,-50,0.07,10,-1385.7775854181607
Uniform Series (A),10000,-2000,,,0.01,60,197.95558147921409
Future Value (F),250,,,,0.0125,360,21885.248783918567
