units,t1,t2,c6,c7,c8,d6,d7,d8,airflow,alt,total,sensible,latent,condensate,perTon,e_db,l_db,e_wb,l_wb,e_dp,l_dp,e_rh,l_rh,e_v,l_v,e_h,l_h,e_W,l_W,e_grains,l_grains,e_patm,l_patm,e_pws,l_pws
US Units,"Temperature, db","Temperature, wb",80,67,,55,54,,1000,0,39080.268000000004,27000,12080.268000000002,253.72764729105211,307.06033029251489,80,55,67,54,60.3178,53.2938,51.1007,93.9548,13.8494,13.1549,31.4472,22.5686,0.0112,0.0086,78.1841,60.419,29.9211,29.9211,1.033,0.4359
US Units,"Temperature, db","Temperature, wb",80,67,,55,54,,1000,5000,44352.92,27000,17352.919999999995,301.86407743866368,270.55715835620293,80,55,67,54,61.5641,53.415,53.4108,94.3733,16.7218,15.8558,34.6558,24.5424,0.0141,0.0104,98.6673,73.1483,24.8959,24.8959,1.033,0.4359
US Units,"Temperature, db",RH %,95,50,,55,95,,1000,0,86214.964,43200,43014.964,869.96744171580576,139.18697454887297,95,55,79.050299999999993,54.1743,73.4367,53.5956,50,95,14.3826,13.1569,42.3984,22.6743,0.0178,0.0087,124.3579,61.1006,29.9211,29.9211,1.6619,0.4359
US Units,"Temperature, db",RH %,95,50,,55,95,,1000,5000,95344.984,43200,52144.984,872.43887660147891,125.85874470333961,95,55,78.3397,54.1124,73.4367,53.5956,50,95,17.386,15.8575,46.491,24.619,0.0215,0.0105,150.3261,73.6423,24.8959,24.8959,1.6619,0.4359
US Units,"Temperature, db",RH %,75,50,,58,90,,1000,0,18413.856,18360,53.856000000000108,1.1452389676779067,651.68316728446223,75,58,62.553,56.247,55.1199,55.0867,50,90,13.6792,13.244,28.1066,23.9446,0.0092,0.0092,64.6497,64.5705,29.9211,29.9211,0.8756,0.4859
US Units,"Temperature, db",RH %,75,50,,58,90,,1000,5000,18425.143999999997,18360,65.143999999997959,1.1491666610630646,651.28391940925962,75,58,61.7613,56.1209,55.1199,55.0867,50,90,16.4897,15.9651,30.1831,26.0042,0.0111,0.0111,77.9327,77.8369,24.8959,24.8959,0.8756,0.4859
US Units,"Temperature, dp",RH %,73,,50,53,,95,1000,0,85988.027999999991,43331.219999999994,42656.808,863.82745796000177,139.55431097919819,94.5222,54.4007,78.6538,53.5836,73,53,50,95,14.3643,13.1376,41.9861,22.3206,0.0175,0.0085,122.4926,59.762,29.9211,29.9211,1.6376,0.4265
US Units,"Temperature, dp",RH %,73,,50,53,,95,1000,5000,95034.34,43331.219999999994,51703.12,866.22798580491747,126.27014613875363,94.5222,54.4007,77.9407,53.5217,73,53,50,95,17.3623,15.8333,46.0144,24.2215,0.0212,0.0103,148.0584,72.0244,24.8959,24.8959,1.6376,0.4265
Metric Units,"Temperature, db","Temperature, wb",26.7,19.4,,12.8,12.2,,472,0,11.410294421724798,7.9333980895999989,3.4768963321247988,249.70133145632491,41.366154330017,26.7,12.8,19.4,12.2,15.6329,11.7754,50.6774,93.4807,0.8646,0.8213,55.1593,34.5875,11.0971,8.5998,77.68,60.1988,1013.2539,1013.2539,35.0495,14.7832
Metric Units,"Temperature, db","Temperature, wb",26.7,19.4,,12.8,12.2,,472,1500,12.9172790010272,7.9333980895999989,4.9838809114272005,297.34833259287541,36.5402032395883,26.7,12.8,19.4,12.2,16.3263,11.8472,52.9737,93.9254,1.0407,0.9869,62.4685,39.0907,13.9633,10.3836,97.7433,72.6852,845.5668,845.5668,35.0495,14.7832
Metric Units,"Temperature, db",RH %,35,50,,13,95,,472,0,24.957336609632,12.556457408,12.400879201632,857.57121582347463,18.912274469938307,35,13,26.139,12.5381,23.0204,12.2184,50,95,0.8979,0.8222,80.7854,35.4448,17.7654,8.8584,124.3579,62.0089,1013.2539,1013.2539,56.2782,14.9781
Metric Units,"Temperature, db",RH %,35,50,,13,95,,472,1500,27.543602827769597,12.556457408,14.987145419769599,859.99910383082829,17.136465514385332,35,13,25.7504,12.5042,23.0204,12.2184,50,95,1.0821,0.988,90.1347,39.9564,21.4098,10.6452,149.8686,74.5166,845.5668,845.5668,56.2782,14.9781
Metric Units,"Temperature, dp",RH %,22.8,,50,11.7,,95,472,0,25.200549493491195,12.716552239951998,12.483997253539199,864.32113894258487,18.729750322385165,34.7589,12.4784,25.9389,12.024,22.8,11.7,50,95,0.8968,0.8203,79.9137,34.1496,17.5232,8.5565,122.6624,59.8956,1013.2539,1013.2539,55.5319,14.4746
Metric Units,"Temperature, dp",RH %,22.8,,50,11.7,,95,472,1500,27.801573690694397,12.716552239951998,15.0850214507424,866.68538488528259,16.977456213494328,34.7589,12.4784,25.549,11.9901,22.8,11.7,50,95,1.0807,0.9856,89.1297,38.5032,21.1163,10.2814,147.8139,71.9701,845.5668,845.5668,55.5319,14.4746
