units,t1,t2,c5,c6,c7,c8,db,wb,dp,rh,v,h,W,grains,patm,pws,pw
US Units,"Temperature, db","Temperature, wb",40,38,,0,40,38,35.517910739685341,83.843090855190951,12.684764889095838,14.291870233422731,0.0043493179515580226,30.445225660906157,29.921056,0.24782911309188183,0.20778758845524056
US Units,"Temperature, db","Temperature, wb",40,38,,5280,40,38,35.975261957971178,85.378390267776652,15.431461505570773,15.412344036269134,0.0053879862400062432,37.7159036800437,24.636098461158483,0.24782911309188183,0.21159250737275814
US Units,"Temperature, db","Temperature, wb",75,62.5,,0,75,62.5,55.017096026411906,49.813240494458064,13.678424875390563,28.068282202938182,0.0092006599679595926,64.404619775717151,29.921056,0.875631754375856,0.43618055165308306
US Units,"Temperature, db","Temperature, wb",75,62.5,,5280,75,62.5,56.497507770366894,52.56260263278034,16.682216299939842,30.957019308489308,0.01184046359178407,82.883245142488491,24.636098461158483,0.875631754375856,0.46025483957902324
US Units,"Temperature, db","Temperature, wb",95,78,,0,95,78,71.775083481205769,47.273827250966583,14.36028008745048,41.301057326674574,0.016770660569149706,117.39462398404794,29.921056,1.6618765415170853,0.78563264536111521
US Units,"Temperature, db","Temperature, wb",95,78,,5280,95,78,72.993551394453121,49.259870710934088,17.566643700589026,46.382776604202192,0.021377088602224651,149.63962021557256,24.636098461158483,1.6618765415170853,0.81863823572666261
US Units,"Temperature, db","Temperature, wb",110,70,,0,110,70,45.965939886994455,11.991691808016258,14.512529693752356,33.665069205469507,0.0065460509672290688,45.822356770603484,29.921056,2.5988232456941178,0.31164287425872533
US Units,"Temperature, db","Temperature, wb",110,70,,5280,110,70,51.885396179526552,14.963377620015946,17.721923019351163,37.470230391705627,0.0099746183158884432,69.8223282112191,24.636098461158483,2.5988232456941178,0.38887173592996183
US Units,"Temperature, db",RH %,40,30,,0,40,30.232706673860203,13.356812542030706,30,12.62805380165174,11.271298281675719,0.0015492772087171568,10.844940461020098,29.921056,0.24782911309188183,0.074348733927564289
US Units,"Temperature, db",RH %,40,30,,5280,40,29.162550392624834,13.356812542030706,30,15.345235139674211,11.630911931007972,0.0018826355547183551,13.178448883028485,24.636098461158483,0.24782911309188183,0.074348733927564289
US Units,"Temperature, db",RH %,75,50,,0,75,62.553028270529296,55.11990433111756,50,13.679183566114972,28.106590690659928,0.0092356672673489237,64.649670871442467,29.921056,0.875631754375856,0.43781587718793036
US Units,"Temperature, db",RH %,75,50,,5280,75,61.717304565221852,55.11990433111756,50,16.666746964664583,30.313892075675177,0.011252757082769972,78.769299579389809,24.636098461158483,0.875631754375856,0.43781587718793036
US Units,"Temperature, db",RH %,95,45,,0,95,77.105534402019913,70.32385094877877,45,14.341679161066891,40.388361788216329,0.015943329092456646,111.60330364719653,29.921056,1.6618765415170853,0.74784444368268532
US Units,"Temperature, db",RH %,95,45,,5280,95,76.227203215751075,70.32385094877877,45,17.514584290513078,44.279552210107525,0.019470577974680041,136.2940458227603,24.636098461158483,1.6618765415170853,0.74784444368268532
US Units,"Temperature, db",RH %,55,95,,0,55,54.174265656024644,53.595591508576575,95,13.156919480265516,22.674257138432964,0.0087286553946241685,61.10058776236918,29.921056,0.43590913442652668,0.41411367770520419
US Units,"Temperature, db",RH %,55,95,,5280,55,54.1089402081506,53.595591508576575,95,16.027607433593428,24.741430705600315,0.010633147266127687,74.432030862893811,24.636098461158483,0.43590913442652668,0.41411367770520419
US Units,"Temperature, dp",RH %,35,,50,0,53.130098263542713,44.557207641265833,35,50,13.016233910515073,17.371636544990235,0.0042600558447833652,29.820390913483557,29.921056,0.40710424901611214,0.20355212450805568
US Units,"Temperature, dp",RH %,35,,50,5280,53.130098263542713,43.735080040197623,35,50,15.831750646183352,18.37106926797577,0.0051815404065050762,36.270782845535535,24.636098461158483,0.40710424901611214,0.20355212450805568
US Units,"Temperature, dp",RH %,55,,60,0,69.476157181262465,60.531317531816583,55,60,13.536984182452096,26.713651062593911,0.0091948501341010732,64.363950938707518,29.921056,0.72651522404421487,0.43590913442652668
US Units,"Temperature, dp",RH %,55,,60,5280,69.476157181262465,59.906136975191842,55,60,16.493257982587725,28.906099274354993,0.011202867173912294,78.420070217386055,24.636098461158483,0.72651522404421487,0.43590913442652668
US Units,"Temperature, dp",RH %,70,,80,0,76.632866773762643,71.936967661266067,70,80,13.862871771422475,35.65365647627312,0.015763812299554765,110.34668609688336,29.921056,0.92454013001569224,0.73963210401255974
US Units,"Temperature, dp",RH %,70,,80,5280,76.632866773762643,71.680266424982378,70,80,16.928793149136279,39.4712800505342,0.019250146948715203,134.75102864100643,24.636098461158483,0.92454013001569224,0.73963210401255974
US Units,"Temperature, dp",RH %,45,,20,0,91.732101609348092,63.889466229628248,45,20,14.041825831177707,28.965283313770765,0.0063078838738807874,44.155187117165511,29.921056,1.5020905711415273,0.30041811422830461
US Units,"Temperature, dp",RH %,45,,20,5280,91.732101609348092,62.054551467684121,45,20,17.091276331439079,30.474517040595344,0.0076777612702860366,53.744328892002258,24.636098461158483,1.5020905711415273,0.30041811422830461
Metric Units,"Temperature, db","Temperature, wb",5,3,,0,5,3,0.36498701471971784,71.933566135664108,0.79286959533743984,14.760402047672443,3.8763453301220792,**,1013.2539295999999,8.7248665617236618,6.2761076584258761
Metric Units,"Temperature, db","Temperature, wb",5,3,,1600,5,3,0.864200445320233,74.576540450682359,0.96339783552802927,17.287596743875675,4.8831155859595547,**,835.242318139233,8.7248665617236618,6.5067036406719883
Metric Units,"Temperature, db","Temperature, wb",24,17,,0,24,17,12.820183996769437,49.588543702025561,0.85426286689663611,47.612451076095375,9.22081561713031,**,1013.2539295999999,29.851269895187936,14.802810017584585
Metric Units,"Temperature, db","Temperature, wb",24,17,,1600,24,17,13.643237950461248,52.326828353124988,1.0406499752008271,54.311591273494756,11.852925267368166,**,835.242318139233,29.851269895187936,15.620222759283122
Metric Units,"Temperature, db","Temperature, wb",35,25.6,,0,35,25.6,22.168452611182587,47.479328014767191,0.89658809451466381,78.42554247952593,16.8455377249263,**,1013.2539295999999,56.278192059873966,26.720507408888086
Metric Units,"Temperature, db","Temperature, wb",35,25.6,,1600,35,25.6,22.836247514500879,49.445521653242615,1.0954884638177054,90.1991759490405,21.434932544258395,**,835.242318139233,56.278192059873966,27.827045641018287
Metric Units,"Temperature, db","Temperature, wb",43,21,,0,43,21,7.7221685667939219,12.171296434986811,0.90500959790928714,60.104935654319696,6.5295163226205357,**,1013.2539295999999,86.491772289870042,10.527169997273754
Metric Units,"Temperature, db","Temperature, wb",43,21,,1600,43,21,10.971118976354262,15.148509909598989,1.1037988952072169,68.831535005264442,9.9117618580780871,**,835.242318139233,86.491772289870042,13.102214696318839
Metric Units,"Temperature, db",RH %,5,30,,0,5,-0.58299144982504691,-9.9203732130733542,30,0.78999929684678061,9.0733877241909386,1.6107830946502026,**,1013.2539295999999,8.7248665617236618,2.61745996851708
Metric Units,"Temperature, db",RH %,5,30,,1600,5,-1.1821273334836668,-9.9203732130733542,30,0.95889774633715452,9.937846618830779,1.9551615882522428,**,835.242318139233,8.7248665617236618,2.61745996851708
Metric Units,"Temperature, db",RH %,24,50,,0,24,17.065165224082392,12.946369270819034,50,0.85436796729218134,47.810089646402567,9.2984683267073862,**,1013.2539295999999,29.851269895187936,14.925634947593728
Metric Units,"Temperature, db",RH %,24,50,,1600,24,16.603821053675105,12.946369270819034,50,1.0397688249481865,52.945714510863489,11.316268726077531,**,835.242318139233,29.851269895187936,14.925634947593728
Metric Units,"Temperature, db",RH %,35,45,,0,35,25.058630223344394,21.291028304877095,45,0.89532178126280637,76.111016453788281,15.943329092456645,**,1013.2539295999999,56.278192059873966,25.32518642694318
Metric Units,"Temperature, db",RH %,35,45,,1600,35,24.573437763337715,21.291028304877095,45,1.0921044683491365,85.100647076774791,19.447511918911196,**,835.242318139233,56.278192059873966,25.32518642694318
Metric Units,"Temperature, db",RH %,13,95,,0,13,12.538051926872839,12.218405624258317,95,0.82216714068569041,35.444804253450656,8.858420961238636,**,1013.2539295999999,14.978108286010482,14.229202871709987
Metric Units,"Temperature, db",RH %,13,95,,1600,13,12.502002608875809,12.218405624258317,95,1.0004289650378162,40.294362432660641,10.779098915078752,**,835.242318139233,14.978108286010482,14.229202871709987
Metric Units,"Temperature, dp",RH %,2,,50,0,12.100448323835764,7.275494291070288,2,50,0.8137425981690497,23.1836159613113,4.3636184513053191,**,1013.2539295999999,14.11908893731432,7.0595444686571467
Metric Units,"Temperature, dp",RH %,2,,50,1600,12.100448323835764,6.82006360214103,2,50,0.9886504022192999,25.550253461771227,5.3015451711211208,**,835.242318139233,14.11908893731432,7.0595444686571467
Metric Units,"Temperature, dp",RH %,13,,60,0,21.056706225401513,16.055417076935157,13,60,0.84594985048625781,44.883049158398656,9.3316489882335638,**,1013.2539295999999,24.9635138100176,14.978108286010482
Metric Units,"Temperature, dp",RH %,13,,60,1600,21.056706225401513,15.710529559913072,13,60,1.0295356906085846,50.026362277266976,11.356779249956107,**,835.242318139233,24.9635138100176,14.978108286010482
Metric Units,"Temperature, dp",RH %,21,,80,0,24.681747218320709,22.079659596441942,21,80,0.86494968361364089,64.691056699007547,15.653861666985815,**,1013.2539295999999,31.095838232088479,24.876670585670631
Metric Units,"Temperature, dp",RH %,21,,80,1600,24.681747218320709,21.937628488747684,21,80,1.0549516711050211,73.447301302829544,19.092518215836979,**,835.242318139233,31.095838232088479,24.876670585670631
Metric Units,"Temperature, dp",RH %,7,,20,0,32.912965528150416,17.544555148012,7,20,0.87569122877424888,49.0216945767755,6.2115477077902952,**,1013.2539295999999,50.097982316537006,10.019596463307446
Metric Units,"Temperature, dp",RH %,7,,20,1600,32.912965528150416,16.531014389469036,7,20,1.0645895725565262,52.453964922638832,7.5514618765174815,**,835.242318139233,50.097982316537006,10.019596463307446
