units,airflow,leaving,entering,btuh,kW,W
US,150,70,52,-2938.1400000000003,-0.86111957796014083,-861.11957796014087
US,150,72,55,-2774.9100000000003,-0.81327960140679967,-813.27960140679966
US,150,75,58.5,-2693.295,-0.78935961313012892,-789.35961313012888
US,150,55,75,3264.6000000000004,0.95679953106682314,956.79953106682319
US,150,68,68,0,0,0
US,150,95,40,-8977.6500000000015,-2.6311987104337637,-2631.1987104337636
US,400,70,52,-7835.0400000000009,-2.2963188745603755,-2296.3188745603757
US,400,72,55,-7399.76,-2.1687456037514656,-2168.7456037514658
US,400,75,58.5,-7182.1200000000008,-2.1049589683470109,-2104.9589683470108
US,400,55,75,8705.6,2.5514654161781949,2551.465416178195
US,400,68,68,0,0,0
US,400,95,40,-23940.4,-7.0165298944900352,-7016.5298944900351
US,1200,70,52,-23505.120000000003,-6.8889566236811266,-6888.956623681127
US,1200,72,55,-22199.280000000002,-6.5062368112543973,-6506.2368112543973
US,1200,75,58.5,-21546.36,-6.3148769050410314,-6314.876905041031
US,1200,55,75,26116.800000000003,7.6543962485345851,7654.3962485345855
US,1200,68,68,0,0,0
US,1200,95,40,-71821.200000000012,-21.04958968347011,-21049.589683470109
US,3000,70,52,-58762.8,-17.222391559202816,-17222.391559202817
US,3000,72,55,-55498.200000000004,-16.265592028135991,-16265.59202813599
US,3000,75,58.5,-53865.900000000009,-15.787192262602582,-15787.192262602583
US,3000,55,75,65292.000000000007,19.135990621336461,19135.990621336459
US,3000,68,68,0,0,0
US,3000,95,40,-179553.00000000003,-52.623974208675271,-52623.974208675274
US,12500,70,52,-244845,-71.759964830011725,-71759.964830011726
US,12500,72,55,-231242.5,-67.773300117233291,-67773.300117233288
US,12500,75,58.5,-224441.25,-65.779967760844073,-65779.967760844069
US,12500,55,75,272050,79.73329425556858,79733.294255568588
US,12500,68,68,0,0,0
US,12500,95,40,-748137.5,-219.2665592028136,-219266.5592028136
Metric,70,21,11,-2905.2641348099532,-0.85148421301581279,-851.48421301581277
Metric,70,22.2,12.8,-2730.9482867213555,-0.8003951602348639,-800.39516023486385
Metric,70,24,14.7,-2701.895645373258,-0.79188031810470638,-791.88031810470636
Metric,70,13,24,3195.7905482909496,0.93663263431739441,936.63263431739438
Metric,70,20,20,0,0,0
Metric,190,21,11,-7885.7169373413017,-2.3111714353286348,-2311.1714353286347
Metric,190,22.2,12.8,-7412.5739211008213,-2.1725011492089159,-2172.5011492089161
Metric,190,24,14.7,-7333.7167517274138,-2.1493894348556313,-2149.3894348556314
Metric,190,13,24,8674.2886310754329,2.5422885788614984,2542.2885788614985
Metric,190,20,20,0,0,0
Metric,566,21,11,-23491.135718606198,-6.8848580652421445,-6884.8580652421442
Metric,566,22.2,12.8,-22081.667575489817,-6.4717665813276133,-6471.7665813276135
Metric,566,24,14.7,-21846.756218303773,-6.4029180006751973,-6402.9180006751976
Metric,566,13,24,25840.249290466822,7.57334387176636,7573.34387176636
Metric,566,20,20,0,0,0
Metric,1416,21,11,-58769.343069869916,-17.2243092232913,-17224.3092232913
Metric,1416,22.2,12.8,-55243.1824856777,-16.190850669893816,-16190.850669893816
Metric,1416,24,14.7,-54655.489054979051,-16.018607577660916,-16018.607577660916
Metric,1416,13,24,64646.277376856917,18.946740145620431,18946.740145620432
Metric,1416,20,20,0,0,0
