temp,unit,C,F,K,R
-459.67,Fahrenheit,-273.15,-459.67,0,0
-273.15,Fahrenheit,-169.52777777777777,-273.15,103.62222222222221,186.52000000000004
-40,Fahrenheit,-40,-40,233.14999999999998,419.67
-17.5,Fahrenheit,-27.5,-17.5,245.64999999999998,442.17
0,Fahrenheit,-17.777777777777779,0,255.37222222222221,459.67
0.01,Fahrenheit,-17.772222222222222,0.01,255.37777777777777,459.68
20,Fahrenheit,-6.666666666666667,20,266.48333333333329,479.67
32,Fahrenheit,0,32,273.15,491.67
37,Fahrenheit,2.7777777777777777,37,275.92777777777775,496.67
68.4,Fahrenheit,20.222222222222225,68.4,293.37222222222221,528.07
98.6,Fahrenheit,37,98.6,310.15,558.27
100,Fahrenheit,37.777777777777779,100,310.92777777777775,559.67000000000007
212,Fahrenheit,100,212,373.15,671.67000000000007
273.15,Fahrenheit,133.97222222222223,273.15,407.12222222222221,732.81999999999994
373.15,Fahrenheit,189.52777777777777,373.15,462.67777777777775,832.81999999999994
459.67,Fahrenheit,237.59444444444443,459.67,510.74444444444441,919.34
491.67,Fahrenheit,255.37222222222221,491.67,528.52222222222213,951.34
527.67,Fahrenheit,275.37222222222221,527.67,548.52222222222213,987.33999999999992
1000,Fahrenheit,537.77777777777783,1000,810.92777777777781,1459.67
5772,Fahrenheit,3188.8888888888887,5772,3462.0388888888888,6231.67
10389.6,Fahrenheit,5754.2222222222226,10389.6,6027.3722222222223,10849.27
123456.789,Fahrenheit,68569.327222222229,123456.789,68842.477222222224,123916.459
-273.15,Celsius,-273.15,-459.66999999999996,0,0
-40,Celsius,-40,-40,233.14999999999998,419.67
-17.5,Celsius,-17.5,0.5,255.64999999999998,460.17
0,Celsius,0,32,273.15,491.67
0.01,Celsius,0.01,32.018,273.15999999999997,491.688
20,Celsius,20,68,293.15,527.67000000000007
32,Celsius,32,89.6,305.15,549.27
37,Celsius,37,98.6,310.15,558.27
68.4,Celsius,68.4,155.12,341.54999999999995,614.79
98.6,Celsius,98.6,209.48,371.75,669.15
100,Celsius,100,212,373.15,671.67000000000007
212,Celsius,212,413.6,485.15,873.27
273.15,Celsius,273.15,523.67,546.3,983.33999999999992
373.15,Celsius,373.15,703.67,646.3,1163.34
459.67,Celsius,459.67,859.406,732.81999999999994,1319.076
491.67,Celsius,491.67,917.006,764.81999999999994,1376.676
527.67,Celsius,527.67,981.80599999999993,800.81999999999994,1441.4759999999999
1000,Celsius,1000,1832,1273.15,2291.67
5772,Celsius,5772,10421.6,6045.15,10881.27
10389.6,Celsius,10389.6,18733.280000000002,10662.75,19192.95
123456.789,Celsius,123456.789,222254.2202,123729.939,222713.89020000002
0,Kelvin,-273.15,-459.66999999999996,0,0
0.01,Kelvin,-273.14,-459.65199999999993,0.01,0.018
20,Kelvin,-253.14999999999998,-423.66999999999996,20,36
32,Kelvin,-241.14999999999998,-402.07,32,57.6
37,Kelvin,-236.14999999999998,-393.07,37,66.6
68.4,Kelvin,-204.74999999999997,-336.54999999999995,68.4,123.12
98.6,Kelvin,-174.54999999999998,-282.18999999999994,98.6,177.48
100,Kelvin,-173.14999999999998,-279.66999999999996,100,180
212,Kelvin,-61.149999999999977,-78.069999999999965,212,381.6
273.15,Kelvin,0,32,273.15,491.66999999999996
373.15,Kelvin,100,212,373.15,671.67
459.67,Kelvin,186.52000000000004,367.73600000000005,459.67,827.406
491.67,Kelvin,218.52000000000004,425.33600000000007,491.67,885.006
527.67,Kelvin,254.51999999999998,490.13599999999997,527.67,949.80599999999993
1000,Kelvin,726.85,1340.3300000000002,1000,1800
5772,Kelvin,5498.85,9929.93,5772,10389.6
10389.6,Kelvin,10116.45,18241.61,10389.6,18701.280000000002
123456.789,Kelvin,123183.63900000001,221762.55020000003,123456.789,222222.2202
0,Rankine,-273.15,-459.67,0,0
0.01,Rankine,-273.14444444444445,-459.66,0.0055555555555555558,0.01
20,Rankine,-262.03888888888889,-439.67,11.111111111111111,20
32,Rankine,-255.37222222222221,-427.67,17.777777777777779,32
37,Rankine,-252.59444444444443,-422.67,20.555555555555557,37
68.4,Rankine,-235.14999999999998,-391.27,38,68.4
98.6,Rankine,-218.37222222222226,-361.07000000000005,54.777777777777779,98.6
100,Rankine,-217.59444444444446,-359.67,55.555555555555557,100
212,Rankine,-155.37222222222223,-247.67000000000002,117.77777777777777,212
273.15,Rankine,-121.40000000000002,-186.52000000000004,151.75,273.15
373.15,Rankine,-65.844444444444463,-86.520000000000039,207.30555555555554,373.15
459.67,Rankine,-17.777777777777779,0,255.37222222222221,459.67
491.67,Rankine,0,32,273.15,491.67
527.67,Rankine,19.999999999999968,67.999999999999943,293.15,527.67
1000,Rankine,282.40555555555557,540.32999999999993,555.55555555555554,1000
5772,Rankine,2933.5166666666669,5312.33,3206.6666666666665,5772
10389.6,Rankine,5498.85,9929.93,5772,10389.6
123456.789,Rankine,68313.955,122997.119,68587.10500000001,123456.789
