shape,height,width,diameter,ext,Q,tAir,tOutside,rIns,length,tExit,dia,perimeter,area,velocity,hInside,hOutside,mDot,k,rInside,rOutside,rTotal
Rectangular,16,14,18,Still air: h_outside= 1 BTU/(hr·ft²·°F),2000,55,95,0,20,56.7094371929699,1.2444444444444445,5,1.5555555555555556,21.428571428571431,16.668277864338993,1,9000,0.0021837995097246138,0.059994200249052339,1,1.0599942002490523
Rectangular,16,14,18,Still air: h_outside= 1 BTU/(hr·ft²·°F),2000,55,95,6,135,56.731926378222994,1.2444444444444445,5,1.5555555555555556,21.428571428571431,16.668277864338993,1,9000,0.00032787772187307972,0.059994200249052339,1,7.0599942002490526
Rectangular,16,14,18,Still air: h_outside= 1 BTU/(hr·ft²·°F),2000,55,95,8,100,56.009048539960716,1.2444444444444445,5,1.5555555555555556,21.428571428571431,16.668277864338993,1,9000,0.00025549848748812474,0.059994200249052339,1,9.0599942002490526
Rectangular,16,14,18,Still air: h_outside= 1 BTU/(hr·ft²·°F),2000,55,95,4.2,350,60.710071458239845,1.2444444444444445,5,1.5555555555555556,21.428571428571431,16.668277864338993,1,9000,0.00044007934736985295,0.059994200249052339,1,5.2599942002490527
Rectangular,16,14,18,Still air: h_outside= 1 BTU/(hr·ft²·°F),1000,155,-4,0,20,142.21362330362314,1.2444444444444445,5,1.5555555555555556,10.714285714285715,9.5734116816998434,1,4500,0.0041917738297232989,0.104455969642626,1,1.1044559696426259
Rectangular,16,14,18,Still air: h_outside= 1 BTU/(hr·ft²·°F),1000,155,-4,6,135,141.60991706503296,1.2444444444444445,5,1.5555555555555556,10.714285714285715,9.5734116816998434,1,4500,0.00065165153382779192,0.104455969642626,1,7.1044559696426264
Rectangular,16,14,18,Still air: h_outside= 1 BTU/(hr·ft²·°F),1000,155,-4,8,100,147.11695160676581,1.2444444444444445,5,1.5555555555555556,10.714285714285715,9.5734116816998434,1,4500,0.00050850151234367006,0.104455969642626,1,9.1044559696426255
Rectangular,16,14,18,Still air: h_outside= 1 BTU/(hr·ft²·°F),1000,155,-4,4.2,350,113.14714218230682,1.2444444444444445,5,1.5555555555555556,10.714285714285715,9.5734116816998434,1,4500,0.00087278123451772923,0.104455969642626,1,5.3044559696426266
Rectangular,16,14,18,Still air: h_outside= 1 BTU/(hr·ft²·°F),450,120,70,0,20,112.10848455836468,1.2444444444444445,5,1.5555555555555556,4.8214285714285712,5.0540175554016,1,2025,0.0085886875796052937,0.19786239146146742,1,1.1978623914614674
Rectangular,16,14,18,Still air: h_outside= 1 BTU/(hr·ft²·°F),450,120,70,6,135,111.22580863401936,1.2444444444444445,5,1.5555555555555556,4.8214285714285712,5.0540175554016,1,2025,0.0014293223854662345,0.19786239146146742,1,7.1978623914614674
Rectangular,16,14,18,Still air: h_outside= 1 BTU/(hr·ft²·°F),450,120,70,8,100,114.70879390488639,1.2444444444444445,5,1.5555555555555556,4.8214285714285712,5.0540175554016,1,2025,0.0011185279150481733,0.19786239146146742,1,9.1978623914614666
Rectangular,16,14,18,Still air: h_outside= 1 BTU/(hr·ft²·°F),450,120,70,4.2,350,95.660166704036556,1.2444444444444445,5,1.5555555555555556,4.8214285714285712,5.0540175554016,1,2025,0.0019059518560338683,0.19786239146146742,1,5.3978623914614676
Rectangular,16,14,18,Still air: h_outside= 1 BTU/(hr·ft²·°F),8000,58,110,0,20,58.586835500675,1.2444444444444445,5,1.5555555555555556,85.714285714285722,50.528769788354325,1,36000,0.00056747301245916931,0.019790705457279432,1,1.0197907054572795
Rectangular,16,14,18,Still air: h_outside= 1 BTU/(hr·ft²·°F),8000,58,110,6,135,58.575512506419983,1.2444444444444445,5,1.5555555555555556,85.714285714285722,50.528769788354325,1,36000,8.24388828649566E-05,0.019790705457279432,1,7.01979070545728
Rectangular,16,14,18,Still air: h_outside= 1 BTU/(hr·ft²·°F),8000,58,110,8,100,58.332560518007526,1.2444444444444445,5,1.5555555555555556,85.714285714285722,50.528769788354325,1,36000,6.4159327261725538E-05,0.019790705457279432,1,9.0197907054572788
Rectangular,16,14,18,Still air: h_outside= 1 BTU/(hr·ft²·°F),8000,58,110,4.2,350,59.979136405047115,1.2444444444444445,5,1.5555555555555556,85.714285714285722,50.528769788354325,1,36000,0.00011086722367980585,0.019790705457279432,1,5.21979070545728
Rectangular,17,14,16,Moving air: h_outside= 1.75 BTU/(hr·ft²·°F),2000,55,95,0,20,57.903869712278052,1.2795698924731183,5.166666666666667,1.6527777777777777,20.168067226890756,15.791008988423092,1.75,9000,0.0037683397426918779,0.063327175656294851,0.5714285714285714,0.63475574708486626
Rectangular,17,14,16,Moving air: h_outside= 1.75 BTU/(hr·ft²·°F),2000,55,95,6,135,56.900201774278031,1.2795698924731183,5.166666666666667,1.6527777777777777,20.168067226890756,15.791008988423092,1.75,9000,0.00036052198450454569,0.063327175656294851,0.5714285714285714,6.6347557470848662
Rectangular,17,14,16,Moving air: h_outside= 1.75 BTU/(hr·ft²·°F),2000,55,95,8,100,56.092861589091051,1.2795698924731183,5.166666666666667,1.6527777777777777,20.168067226890756,15.791008988423092,1.75,9000,0.0002770171361766102,0.063327175656294851,0.5714285714285714,8.6347557470848653
Rectangular,17,14,16,Moving air: h_outside= 1.75 BTU/(hr·ft²·°F),2000,55,95,4.2,350,61.359913413974795,1.2795698924731183,5.166666666666667,1.6527777777777777,20.168067226890756,15.791008988423092,1.75,9000,0.00049474584317609545,0.063327175656294851,0.5714285714285714,4.8347557470848663
Rectangular,17,14,16,Moving air: h_outside= 1.75 BTU/(hr·ft²·°F),1000,155,-4,0,20,134.17874500589758,1.2795698924731183,5.166666666666667,1.6527777777777777,10.084033613445378,9.0695530243724978,1.75,4500,0.0070178050757246759,0.11025901687908019,0.5714285714285714,0.68168758830765164
Rectangular,17,14,16,Moving air: h_outside= 1.75 BTU/(hr·ft²·°F),1000,155,-4,6,135,140.35087738878116,1.2795698924731183,5.166666666666667,1.6527777777777777,10.084033613445378,9.0695530243724978,1.75,4500,0.00071597939204093156,0.11025901687908019,0.5714285714285714,6.6816875883076516
Rectangular,17,14,16,Moving air: h_outside= 1.75 BTU/(hr·ft²·°F),1000,155,-4,8,100,146.47549954588038,1.2795698924731183,5.166666666666667,1.6527777777777777,10.084033613445378,9.0695530243724978,1.75,4500,0.0005510392499871676,0.11025901687908019,0.5714285714285714,8.6816875883076516
Rectangular,17,14,16,Moving air: h_outside= 1.75 BTU/(hr·ft²·°F),1000,155,-4,4.2,350,108.83331065353379,1.2795698924731183,5.166666666666667,1.6527777777777777,10.084033613445378,9.0695530243724978,1.75,4500,0.00097997885582481862,0.11025901687908019,0.5714285714285714,4.8816875883076518
Rectangular,17,14,16,Moving air: h_outside= 1.75 BTU/(hr·ft²·°F),450,120,70,0,20,108.07402007945366,1.2795698924731183,5.166666666666667,1.6527777777777777,4.53781512605042,4.7880193319635236,1.75,2025,0.013624542178250772,0.20885462874476513,0.5714285714285714,0.78028320017333652
Rectangular,17,14,16,Moving air: h_outside= 1.75 BTU/(hr·ft²·°F),450,120,70,6,135,110.46156924297085,1.2795698924731183,5.166666666666667,1.6527777777777777,4.53781512605042,4.7880193319635236,1.75,2025,0.0015679288103290928,0.20885462874476513,0.5714285714285714,6.7802832001733364
Rectangular,17,14,16,Moving air: h_outside= 1.75 BTU/(hr·ft²·°F),450,120,70,8,100,114.29823749709522,1.2795698924731183,5.166666666666667,1.6527777777777777,4.53781512605042,4.7880193319635236,1.75,2025,0.0012107811478714308,0.20885462874476513,0.5714285714285714,8.7802832001733364
Rectangular,17,14,16,Moving air: h_outside= 1.75 BTU/(hr·ft²·°F),450,120,70,4.2,350,93.68653542380946,1.2795698924731183,5.166666666666667,1.6527777777777777,4.53781512605042,4.7880193319635236,1.75,2025,0.0021346178408834476,0.20885462874476513,0.5714285714285714,4.9802832001733366
Rectangular,17,14,16,Moving air: h_outside= 1.75 BTU/(hr·ft²·°F),8000,58,110,0,20,59.039435111899657,1.2795698924731183,5.166666666666667,1.6527777777777777,80.672268907563023,47.86938785133497,1.75,36000,0.0010095811223815709,0.020890177311346424,0.5714285714285714,0.59231874873991786
Rectangular,17,14,16,Moving air: h_outside= 1.75 BTU/(hr·ft²·°F),8000,58,110,6,135,58.632905916877142,1.2795698924731183,5.166666666666667,1.6527777777777777,80.672268907563023,47.86938785133497,1.75,36000,9.0710696790078128E-05,0.020890177311346424,0.5714285714285714,6.5923187487399177
Rectangular,17,14,16,Moving air: h_outside= 1.75 BTU/(hr·ft²·°F),8000,58,110,8,100,58.3606444692911,1.2795698924731183,5.166666666666667,1.6527777777777777,80.672268907563023,47.86938785133497,1.75,36000,6.9596327213558172E-05,0.020890177311346424,0.5714285714285714,8.5923187487399169
Rectangular,17,14,16,Moving air: h_outside= 1.75 BTU/(hr·ft²·°F),8000,58,110,4.2,350,60.222149656875168,1.2795698924731183,5.166666666666667,1.6527777777777777,80.672268907563023,47.86938785133497,1.75,36000,0.00012478173062209792,0.020890177311346424,0.5714285714285714,4.7923187487399179
Rectangular,18,14,14,Outdoors (wind): h_outside= 4 BTU/(hr·ft²·°F),2000,55,95,0,20,60.776418100129384,1.3125,5.333333333333333,1.75,19.047619047619047,15.008730310878676,4,9000,0.0077982259212727471,0.066627887855055717,0.25,0.31662788785505569
Rectangular,18,14,14,Outdoors (wind): h_outside= 4 BTU/(hr·ft²·°F),2000,55,95,6,135,57.056102713379971,1.3125,5.333333333333333,1.75,19.047619047619047,15.008730310878676,4,9000,0.00039089461122389829,0.066627887855055717,0.25,6.3166278878550557
Rectangular,18,14,14,Outdoors (wind): h_outside= 4 BTU/(hr·ft²·°F),2000,55,95,8,100,56.170110110408956,1.3125,5.333333333333333,1.75,19.047619047619047,15.008730310878676,4,9000,0.00029689146078963879,0.066627887855055717,0.25,8.3166278878550557
Rectangular,18,14,14,Outdoors (wind): h_outside= 4 BTU/(hr·ft²·°F),2000,55,95,4.2,350,61.965827213054524,1.3125,5.333333333333333,1.75,19.047619047619047,15.008730310878676,4,9000,0.00054667682699929636,0.066627887855055717,0.25,4.5166278878550559
Rectangular,18,14,14,Outdoors (wind): h_outside= 4 BTU/(hr·ft²·°F),1000,155,-4,0,20,117.39596464382636,1.3125,5.333333333333333,1.75,9.5238095238095237,8.6202519093502357,4,4500,0.013492328215673756,0.1160058906068995,0.25,0.36600589060689948
Rectangular,18,14,14,Outdoors (wind): h_outside= 4 BTU/(hr·ft²·°F),1000,155,-4,6,135,139.19127035754113,1.3125,5.333333333333333,1.75,9.5238095238095237,8.6202519093502357,4,4500,0.00077572526475741044,0.1160058906068995,0.25,6.3660058906069
Rectangular,18,14,14,Outdoors (wind): h_outside= 4 BTU/(hr·ft²·°F),1000,155,-4,8,100,145.88620513768785,1.3125,5.333333333333333,1.75,9.5238095238095237,8.6202519093502357,4,4500,0.00059027828446580645,0.1160058906068995,0.25,8.3660058906069
Rectangular,18,14,14,Outdoors (wind): h_outside= 4 BTU/(hr·ft²·°F),1000,155,-4,4.2,350,104.89332784253334,1.3125,5.333333333333333,1.75,9.5238095238095237,8.6202519093502357,4,4500,0.0010815298366340677,0.1160058906068995,0.25,4.5660058906069
Rectangular,18,14,14,Outdoors (wind): h_outside= 4 BTU/(hr·ft²·°F),450,120,70,0,20,101.33666932243747,1.3125,5.333333333333333,1.75,4.2857142857142865,4.5508232519782919,4,2025,0.023361702487808646,0.21974046114959292,0.25,0.46974046114959289
Rectangular,18,14,14,Outdoors (wind): h_outside= 4 BTU/(hr·ft²·°F),450,120,70,6,135,109.7669742368775,1.3125,5.333333333333333,1.75,4.2857142857142865,4.5508232519782919,4,2025,0.0016961943011100159,0.21974046114959292,0.25,6.469740461149593
Rectangular,18,14,14,Outdoors (wind): h_outside= 4 BTU/(hr·ft²·°F),450,120,70,8,100,113.92381325213836,1.3125,5.333333333333333,1.75,4.2857142857142865,4.5508232519782919,4,2025,0.0012956638931499607,0.21974046114959292,0.25,8.469740461149593
Rectangular,18,14,14,Outdoors (wind): h_outside= 4 BTU/(hr·ft²·°F),450,120,70,4.2,350,91.966520450142355,1.3125,5.333333333333333,1.75,4.2857142857142865,4.5508232519782919,4,2025,0.0023500100254311069,0.21974046114959292,0.25,4.6697404611495932
Rectangular,18,14,14,Outdoors (wind): h_outside= 4 BTU/(hr·ft²·°F),8000,58,110,0,20,60.30761563263524,1.3125,5.333333333333333,1.75,76.19047619047619,45.497962348971143,4,36000,0.0022696014632524061,0.021979006275708812,0.25,0.27197900627570881
Rectangular,18,14,14,Outdoors (wind): h_outside= 4 BTU/(hr·ft²·°F),8000,58,110,6,135,58.686334050283904,1.3125,5.333333333333333,1.75,76.19047619047619,45.497962348971143,4,36000,9.8419326659039032E-05,0.021979006275708812,0.25,6.2719790062757088
Rectangular,18,14,14,Outdoors (wind): h_outside= 4 BTU/(hr·ft²·°F),8000,58,110,8,100,58.3865978947531,1.3125,5.333333333333333,1.75,76.19047619047619,45.497962348971143,4,36000,7.4623490962557888E-05,0.021979006275708812,0.25,8.2719790062757088
Rectangular,18,14,14,Outdoors (wind): h_outside= 4 BTU/(hr·ft²·°F),8000,58,110,4.2,350,60.452494696097517,1.3125,5.333333333333333,1.75,76.19047619047619,45.497962348971143,4,36000,0.00013803373176641133,0.021979006275708812,0.25,4.471979006275709
Round,16,14,18,Still air: h_outside= 1 BTU/(hr·ft²·°F),2000,55,95,0,20,56.599851370841428,1.5,4.71238898038469,1.7671458676442586,18.862808070150557,14.499668855091443,1,9000,0.0020409061988370561,0.068967092282859827,1,1.0689670922828598
Round,16,14,18,Still air: h_outside= 1 BTU/(hr·ft²·°F),2000,55,95,6,135,56.632334959368919,1.5,4.71238898038469,1.7671458676442586,18.862808070150557,14.499668855091443,1,9000,0.00030862522579495612,0.068967092282859827,1,7.06896709228286
Round,16,14,18,Still air: h_outside= 1 BTU/(hr·ft²·°F),2000,55,95,8,100,55.95077170810346,1.5,4.71238898038469,1.7671458676442586,18.862808070150557,14.499668855091443,1,9000,0.00024056340074818153,0.068967092282859827,1,9.06896709228286
Round,16,14,18,Still air: h_outside= 1 BTU/(hr·ft²·°F),2000,55,95,4.2,350,60.396358723599832,1.5,4.71238898038469,1.7671458676442586,18.862808070150557,14.499668855091443,1,9000,0.00041405868110056345,0.068967092282859827,1,5.26896709228286
Round,16,14,18,Still air: h_outside= 1 BTU/(hr·ft²·°F),1000,155,-4,0,20,143.08243194609889,1.5,4.71238898038469,1.7671458676442586,9.4314040350752784,8.3278728809226372,1,4500,0.0038955505535702849,0.12007868207147886,1,1.1200786820714788
Round,16,14,18,Still air: h_outside= 1 BTU/(hr·ft²·°F),1000,155,-4,6,135,142.37525563475108,1.5,4.71238898038469,1.7671458676442586,9.4314040350752784,8.3278728809226372,1,4500,0.00061281951012321983,0.12007868207147886,1,7.1200786820714788
Round,16,14,18,Still air: h_outside= 1 BTU/(hr·ft²·°F),1000,155,-4,8,100,147.57206063332438,1.5,4.71238898038469,1.7671458676442586,9.4314040350752784,8.3278728809226372,1,4500,0.00047843042610623234,0.12007868207147886,1,9.12007868207148
Round,16,14,18,Still air: h_outside= 1 BTU/(hr·ft²·°F),1000,155,-4,4.2,350,115.32462443929242,1.5,4.71238898038469,1.7671458676442586,9.4314040350752784,8.3278728809226372,1,4500,0.00082016139059937307,0.12007868207147886,1,5.3200786820714789
Round,16,14,18,Still air: h_outside= 1 BTU/(hr·ft²·°F),450,120,70,0,20,112.69292218958472,1.5,4.71238898038469,1.7671458676442586,4.2441318157838754,4.3964698415500081,1,2025,0.00789949278084617,0.22745521658063791,1,1.2274552165806378
Round,16,14,18,Still air: h_outside= 1 BTU/(hr·ft²·°F),450,120,70,6,135,111.71699105907507,1.5,4.71238898038469,1.7671458676442586,4.2441318157838754,4.3964698415500081,1,2025,0.0013415888900904318,0.22745521658063791,1,7.2274552165806378
Round,16,14,18,Still air: h_outside= 1 BTU/(hr·ft²·°F),450,120,70,8,100,115.01259391112322,1.5,4.71238898038469,1.7671458676442586,4.2441318157838754,4.3964698415500081,1,2025,0.0010508069012101701,0.22745521658063791,1,9.2274552165806387
Round,16,14,18,Still air: h_outside= 1 BTU/(hr·ft²·°F),450,120,70,4.2,350,96.755497130689676,1.5,4.71238898038469,1.7671458676442586,4.2441318157838754,4.3964698415500081,1,2025,0.0017865230085305961,0.22745521658063791,1,5.427455216580638
Round,16,14,18,Still air: h_outside= 1 BTU/(hr·ft²·°F),8000,58,110,0,20,58.551666995575872,1.5,4.71238898038469,1.7671458676442586,75.451232280602227,43.954776585153908,1,36000,0.000533282856450394,0.022750655962559443,1,1.0227506559625594
Round,16,14,18,Still air: h_outside= 1 BTU/(hr·ft²·°F),8000,58,110,6,135,58.542353602147983,1.5,4.71238898038469,1.7671458676442586,75.451232280602227,43.954776585153908,1,36000,7.7664068962088434E-05,0.022750655962559443,1,7.0227506559625592
Round,16,14,18,Still air: h_outside= 1 BTU/(hr·ft²·°F),8000,58,110,8,100,58.313386155780158,1.5,4.71238898038469,1.7671458676442586,75.451232280602227,43.954776585153908,1,36000,6.0448904335818905E-05,0.022750655962559443,1,9.02275065596256
Round,16,14,18,Still air: h_outside= 1 BTU/(hr·ft²·°F),8000,58,110,4.2,350,59.866322826723042,1.5,4.71238898038469,1.7671458676442586,75.451232280602227,43.954776585153908,1,36000,0.00010443067785086656,0.022750655962559443,1,5.2227506559625594
Round,17,14,16,Moving air: h_outside= 1.75 BTU/(hr·ft²·°F),2000,55,95,0,20,57.398537539597385,1.3333333333333333,4.1887902047863905,1.3962634015954636,23.873241463784304,17.923904623843573,1.75,9000,0.003091825462550666,0.055791414928069487,0.5714285714285714,0.62721998635664089
Round,17,14,16,Moving air: h_outside= 1.75 BTU/(hr·ft²·°F),2000,55,95,6,135,56.549342237664206,1.3333333333333333,4.1887902047863905,1.3962634015954636,23.873241463784304,17.923904623843573,1.75,9000,0.000292619639672511,0.055791414928069487,0.5714285714285714,6.627219986356641
Round,17,14,16,Moving air: h_outside= 1.75 BTU/(hr·ft²·°F),2000,55,95,8,100,55.889102873197928,1.3333333333333333,4.1887902047863905,1.3962634015954636,23.873241463784304,17.923904623843573,1.75,9000,0.00022478327056745306,0.055791414928069487,0.5714285714285714,8.627219986356641
Round,17,14,16,Moving air: h_outside= 1.75 BTU/(hr·ft²·°F),2000,55,95,4.2,350,60.246759475130645,1.3333333333333333,4.1887902047863905,1.3962634015954636,23.873241463784304,17.923904623843573,1.75,9000,0.00040173323981901272,0.055791414928069487,0.5714285714285714,4.8272199863566412
Round,17,14,16,Moving air: h_outside= 1.75 BTU/(hr·ft²·°F),1000,155,-4,0,20,137.58208548852105,1.3333333333333333,4.1887902047863905,1.3962634015954636,11.936620731892152,10.294579878266434,1.75,4500,0.0058012271937936564,0.097138495385437326,0.5714285714285714,0.66856706681400868
Round,17,14,16,Moving air: h_outside= 1.75 BTU/(hr·ft²·°F),1000,155,-4,6,135,142.99326480294044,1.3333333333333333,4.1887902047863905,1.3962634015954636,11.936620731892152,10.294579878266434,1.75,4500,0.000581610623394284,0.097138495385437326,0.5714285714285714,6.6685670668140089
Round,17,14,16,Moving air: h_outside= 1.75 BTU/(hr·ft²·°F),1000,155,-4,8,100,148.04278797302408,1.3333333333333333,4.1887902047863905,1.3962634015954636,11.936620731892152,10.294579878266434,1.75,4500,0.00044742221165069339,0.097138495385437326,0.5714285714285714,8.668567066814008
Round,17,14,16,Moving air: h_outside= 1.75 BTU/(hr·ft²·°F),1000,155,-4,4.2,350,116.31089483578437,1.3333333333333333,4.1887902047863905,1.3962634015954636,11.936620731892152,10.294579878266434,1.75,4500,0.00079664291271936511,0.097138495385437326,0.5714285714285714,4.8685670668140091
Round,17,14,16,Moving air: h_outside= 1.75 BTU/(hr·ft²·°F),450,120,70,0,20,109.7988291299956,1.3333333333333333,4.1887902047863905,1.3962634015954636,5.3714793293514678,5.4347383315499913,1.75,2025,0.011409275620741425,0.18400149905925633,0.5714285714285714,0.75543007048782773
Round,17,14,16,Moving air: h_outside= 1.75 BTU/(hr·ft²·°F),450,120,70,6,135,112.08887132703919,1.3333333333333333,4.1887902047863905,1.3962634015954636,5.3714793293514678,5.4347383315499913,1.75,2025,0.0012758491756201921,0.18400149905925633,0.5714285714285714,6.7554300704878276
Round,17,14,16,Moving air: h_outside= 1.75 BTU/(hr·ft²·°F),450,120,70,8,100,115.31246990535017,1.3333333333333333,4.1887902047863905,1.3962634015954636,5.3714793293514678,5.4347383315499913,1.75,2025,0.00098440736971262561,0.18400149905925633,0.5714285714285714,8.7554300704878276
Round,17,14,16,Moving air: h_outside= 1.75 BTU/(hr·ft²·°F),450,120,70,4.2,350,97.201521894337517,1.3333333333333333,4.1887902047863905,1.3962634015954636,5.3714793293514678,5.4347383315499913,1.75,2025,0.0017392859476964182,0.18400149905925633,0.5714285714285714,4.9554300704878278
Round,17,14,16,Moving air: h_outside= 1.75 BTU/(hr·ft²·°F),8000,58,110,0,20,58.847841038523114,1.3333333333333333,4.1887902047863905,1.3962634015954636,95.492965855137214,54.335118349824064,1.75,36000,0.0008219509319511044,0.018404303337700156,0.5714285714285714,0.58983287476627155
Round,17,14,16,Moving air: h_outside= 1.75 BTU/(hr·ft²·°F),8000,58,110,6,135,58.513904794298227,1.3333333333333333,4.1887902047863905,1.3962634015954636,95.492965855137214,54.335118349824064,1.75,36000,7.3569950911195353E-05,0.018404303337700156,0.5714285714285714,6.5898328747662713
Round,17,14,16,Moving air: h_outside= 1.75 BTU/(hr·ft²·°F),8000,58,110,8,100,58.292663447912275,1.3333333333333333,4.1887902047863905,1.3962634015954636,95.492965855137214,54.335118349824064,1.75,36000,5.6440409048438881E-05,0.018404303337700156,0.5714285714285714,8.5898328747662713
Round,17,14,16,Moving air: h_outside= 1.75 BTU/(hr·ft²·°F),8000,58,110,4.2,350,59.809905660858334,1.3333333333333333,4.1887902047863905,1.3962634015954636,95.492965855137214,54.335118349824064,1.75,36000,0.00010121724364614566,0.018404303337700156,0.5714285714285714,4.7898328747662715
Round,18,14,14,Outdoors (wind): h_outside= 4 BTU/(hr·ft²·°F),2000,55,95,0,20,59.362547315081009,1.1666666666666667,3.6651914291880918,1.0690141668465267,31.181376605759091,22.793873244238981,4,9000,0.0057741163776400288,0.043871438139752937,0.25,0.29387143813975292
Round,18,14,14,Outdoors (wind): h_outside= 4 BTU/(hr·ft²·°F),2000,55,95,6,135,56.429681803404449,1.1666666666666667,3.6651914291880918,1.0690141668465267,31.181376605759091,22.793873244238981,4,9000,0.00026960320059936024,0.043871438139752937,0.25,6.2938714381397531
Round,18,14,14,Outdoors (wind): h_outside= 4 BTU/(hr·ft²·°F),2000,55,95,8,100,55.810047619101653,1.1666666666666667,3.6651914291880918,1.0690141668465267,31.181376605759091,22.793873244238981,4,9000,0.00020459056986105932,0.043871438139752937,0.25,8.2938714381397531
Round,18,14,14,Outdoors (wind): h_outside= 4 BTU/(hr·ft²·°F),2000,55,95,4.2,350,59.951864681434721,1.1666666666666667,3.6651914291880918,1.0690141668465267,31.181376605759091,22.793873244238981,4,9000,0.00037759155045739119,0.043871438139752937,0.25,4.4938714381397533
Round,18,14,14,Outdoors (wind): h_outside= 4 BTU/(hr·ft²·°F),1000,155,-4,0,20,125.14649142992079,1.1666666666666667,3.6651914291880918,1.0690141668465267,15.590688302879546,13.091642349834125,4,4500,0.010397842483798341,0.076384610370345954,0.25,0.32638461037034594
Round,18,14,14,Outdoors (wind): h_outside= 4 BTU/(hr·ft²·°F),1000,155,-4,6,135,143.89246801780746,1.1666666666666667,3.6651914291880918,1.0690141668465267,15.590688302879546,13.091642349834125,4,4500,0.00053643525912157352,0.076384610370345954,0.25,6.3263846103703463
Round,18,14,14,Outdoors (wind): h_outside= 4 BTU/(hr·ft²·°F),1000,155,-4,8,100,148.64971723451481,1.1666666666666667,3.6651914291880918,1.0690141668465267,15.590688302879546,13.091642349834125,4,4500,0.00040758335418952086,0.076384610370345954,0.25,8.3263846103703454
Round,18,14,14,Outdoors (wind): h_outside= 4 BTU/(hr·ft²·°F),1000,155,-4,4.2,350,118.30142494184601,1.1666666666666667,3.6651914291880918,1.0690141668465267,15.590688302879546,13.091642349834125,4,4500,0.00074975859541221823,0.076384610370345954,0.25,4.5263846103703465
Round,18,14,14,Outdoors (wind): h_outside= 4 BTU/(hr·ft²·°F),450,120,70,0,20,104.11959299471525,1.1666666666666667,3.6651914291880918,1.0690141668465267,7.015809736295795,6.911369996923864,4,2025,0.019107560575919603,0.14468911380017035,0.25,0.39468911380017035
Round,18,14,14,Outdoors (wind): h_outside= 4 BTU/(hr·ft²·°F),450,120,70,6,135,112.64079390152885,1.1666666666666667,3.6651914291880918,1.0690141668465267,7.015809736295795,6.911369996923864,4,2025,0.0011793452373341524,0.14468911380017035,0.25,6.3946891138001707
Round,18,14,14,Outdoors (wind): h_outside= 4 BTU/(hr·ft²·°F),450,120,70,8,100,115.70400335118954,1.1666666666666667,3.6651914291880918,1.0690141668465267,7.015809736295795,6.911369996923864,4,2025,0.000898371106822182,0.14468911380017035,0.25,8.39468911380017
Round,18,14,14,Outdoors (wind): h_outside= 4 BTU/(hr·ft²·°F),450,120,70,4.2,350,98.149974674702435,1.1666666666666667,3.6651914291880918,1.0690141668465267,7.015809736295795,6.911369996923864,4,2025,0.0016413615728519502,0.14468911380017035,0.25,4.5946891138001709
Round,18,14,14,Outdoors (wind): h_outside= 4 BTU/(hr·ft²·°F),8000,58,110,0,20,59.641681220472051,1.1666666666666667,3.6651914291880918,1.0690141668465267,124.72550642303636,69.098102582462289,4,36000,0.0016039947003431241,0.014472177420596912,0.25,0.26447217742059692
Round,18,14,14,Outdoors (wind): h_outside= 4 BTU/(hr·ft²·°F),8000,58,110,6,135,58.473207850193,1.1666666666666667,3.6651914291880918,1.0690141668465267,124.72550642303636,69.098102582462289,4,36000,6.7717113103296384E-05,0.014472177420596912,0.25,6.2644721774205969
Round,18,14,14,Outdoors (wind): h_outside= 4 BTU/(hr·ft²·°F),8000,58,110,8,100,58.266230011190586,1.1666666666666667,3.6651914291880918,1.0690141668465267,124.72550642303636,69.098102582462289,4,36000,5.1329590307029585E-05,0.014472177420596912,0.25,8.2644721774205969
Round,18,14,14,Outdoors (wind): h_outside= 4 BTU/(hr·ft²·°F),8000,58,110,4.2,350,59.7009148473611,1.1666666666666667,3.6651914291880918,1.0690141668465267,124.72550642303636,69.098102582462289,4,36000,9.5019512746955347E-05,0.014472177420596912,0.25,4.4644721774205971
