units,room,wb,rh,alt,leaf,wbOut,dp,rhOut,v,h,W,grains,patm,pws,pw,airText,leafText
US Units,77,65,,0,75,65,58.450059561442586,0.52763172266681913,13.756468521768365,29.909629133031181,0.010436225682742306,73.053579779196141,101.32539295999999,3.1692163821462538,1.6721790992157317,1.5kPa,1.29kPa
US Units,77,65,,4000,75,65,59.443038749902648,0.54671898791856333,15.981582104420996,32.238725628857672,0.012562889320242432,87.940225241697021,87.511180509631487,3.1692163821462538,1.7326707729419304,1.44kPa,1.23kPa
US Units,77,65,0.55,0,75,65.641248444785276,59.610652174102206,0.55,13.766261365164203,30.402655128086614,0.010886400442742809,76.204803099199665,101.32539295999999,3.1692163821462538,1.7430690101804398,1.43kPa,1.22kPa
US Units,77,65,0.55,4000,75,65.099096465204028,59.610652174102206,0.55,15.983519656223029,32.322973624465284,0.012639814921698633,88.478704451890437,87.511180509631487,3.1692163821462538,1.7430690101804398,1.43kPa,1.22kPa
US Units,85,70,0.6,0,82,73.989585757192856,69.5616161825776,0.6,14.073852644020603,37.456525117425272,0.015523713633275642,108.66599543292949,101.32539295999999,4.112479955094841,2.4674879730569046,1.64kPa,1.27kPa
US Units,85,70,0.6,4000,82,73.549965602167561,69.5616161825776,0.6,16.359962061149478,40.227129904321444,0.018045333658846904,126.31733561192833,87.511180509631487,4.112479955094841,2.4674879730569046,1.64kPa,1.27kPa
US Units,68,58,,0,,58,51.160626167689593,0.54817164085199521,13.473028477229228,25.017117847962886,0.00797029106514975,55.792037456048249,101.32539295999999,2.3388036526322029,1.2820658358940347,1.06kPa,kPa
US Units,68,58,,4000,,58,52.200788251592144,0.56964796421536135,15.640566487167638,26.811862551157191,0.0096150471696614236,67.305330187629963,87.511180509631487,2.3388036526322029,1.3322947394213855,1.01kPa,kPa
US Units,90,72,0.5,0,88,74.90816950264518,68.864924806427581,0.5,14.194698327218385,38.278358951264366,0.015148923622351736,106.04246535646215,101.32539295999999,4.8186635660512005,2.4093317830256002,2.41kPa,2.12kPa
US Units,90,72,0.5,4000,88,74.316748774749129,68.864924806427581,0.5,16.498861836118117,40.98568431873597,0.017607982414198493,123.25587689938945,87.511180509631487,4.8186635660512005,2.4093317830256002,2.41kPa,2.12kPa
US Units,80,,0.7,0,78,72.45500382465363,69.337635810146281,0.7,13.942001004734658,36.088951571090611,0.01540231967596634,107.81623773176437,101.32539295999999,3.4980839342853507,2.4486587539997453,1.05kPa,0.83kPa
US Units,80,,0.7,4000,78,72.143954473820912,69.337635810146281,0.7,16.206191577866893,38.831729004109562,0.017903667059524283,125.32566941666998,87.511180509631487,3.4980839342853507,2.4486587539997453,1.05kPa,0.83kPa
US Units,30,25,,0,,25,15.649259539755894,0.50555067000785237,12.379008926295638,9.0637673885959309,0.0017348344893476178,12.143841425433324,101.32539295999999,0.5575065212423318,0.28184779534780785,0.28kPa,kPa
US Units,30,25,,4000,,25,17.179251590226553,0.54475775449837693,14.343024539222332,9.5269406402969636,0.0021659660439133262,15.161762307393284,87.511180509631487,0.5575065212423318,0.30370600063017433,0.25kPa,kPa
US Units,20,,0.6,0,18,17.080408664864315,9.6087028406134856,0.6,12.117453394113697,6.1744481817906784,0.0012846750867299868,8.9927256071099073,101.32539295999999,0.34810657341993867,0.20886394405196321,0.14kPa,0.11kPa
US Units,20,,0.6,4000,18,16.778201716963519,9.6087028406134856,0.6,14.034848966503739,6.3919328939061533,0.0014879546247300198,10.415682373110139,87.511180509631487,0.34810657341993867,0.20886394405196321,0.14kPa,0.11kPa
US Units,35,30.5,,0,33,30.5,24.277091371821822,0.6191861203668253,12.523377575893816,11.232274435015634,0.0026309049687105296,18.416334780973706,101.32539295999999,0.68931387326775628,0.42681358290369154,0.26kPa,0.21kPa
US Units,35,30.5,,4000,33,30.5,25.233164637010322,0.64773062131153025,14.513242898580215,11.833614527919524,0.0031894908948292893,22.326436263805025,87.511180509631487,0.68931387326775628,0.44648970341038119,0.24kPa,0.19kPa
Metric Units,25,18.3,,0,24,18.3,14.633368019025287,0.52555378436724964,0.85873152657595664,51.624634759640159,10.394438460793154,**,101.32539295999999,3.1692163821462538,1.6655936631156472,1.5kPa,1.32kPa
Metric Units,25,18.3,,1200,24,18.3,15.181480648612542,0.54445110982833267,0.99523535359004156,56.936307888675557,12.479901016362605,**,87.716210163453567,3.1692163821462538,1.725483376545661,1.44kPa,1.26kPa
Metric Units,25,18.3,0.55,0,24,18.689582469325153,15.339251207834558,0.55,0.8593996217853811,52.877661927665933,10.886400442742808,**,101.32539295999999,3.1692163821462538,1.7430690101804398,1.43kPa,1.24kPa
Metric Units,25,18.3,0.55,1200,24,18.393092731410004,15.339251207834558,0.55,0.99543892683512081,57.2668329482025,12.609671357755204,**,87.716210163453567,3.1692163821462538,1.7430690101804398,1.43kPa,1.24kPa
Metric Units,29.4,21.1,0.6,0,27.8,23.288893250244485,20.8259268722384,0.6,0.87841676112526534,69.136944508153078,15.482997315229285,**,101.32539295999999,4.1019555509848917,2.4611733305909347,1.64kPa,1.28kPa
Metric Units,29.4,21.1,0.6,1200,27.8,23.04831120817687,20.8259268722384,0.6,1.0186376145823617,75.4519576938003,17.954533878100975,**,87.716210163453567,4.1019555509848917,2.4611733305909347,1.64kPa,1.28kPa
Metric Units,20,14.4,,0,,14.4,10.555289649409612,0.544909884944971,0.841029559615033,40.225115943177485,7.9222617791699452,**,101.32539295999999,2.3388036526322029,1.2744372292646915,1.06kPa,kPa
Metric Units,20,14.4,,1200,,14.4,11.13214219817635,0.56623572360661389,0.9740012083043823,44.3150986573734,9.5338870901463437,**,87.716210163453567,2.3388036526322029,1.3243141786219872,1.01kPa,kPa
Metric Units,32.2,22.2,0.5,0,31.1,23.819494701142375,20.460183778499626,0.5,0.88605451870538543,71.128382876219263,15.129465144087312,**,101.32539295999999,4.8126210823802236,2.4063105411901118,2.41kPa,2.12kPa
Metric Units,32.2,22.2,0.5,1200,31.1,23.495940011659982,20.460183778499626,0.5,1.0274036202979775,77.307667891841874,17.5430145407171,**,87.716210163453567,4.8126210823802236,2.4063105411901118,2.41kPa,2.12kPa
Metric Units,26.7,,0.7,0,25.6,22.505239436710482,20.774989400572505,0.7,0.8705097925238956,66.217136410671984,15.433318018025755,**,101.32539295999999,3.5049536260971963,2.4534675382680371,1.05kPa,0.83kPa
Metric Units,26.7,,0.7,1200,25.6,22.335184588656595,20.774989400572505,0.7,1.0094559052499794,72.499080029110957,17.89670166717551,**,87.716210163453567,3.5049536260971963,2.4534675382680371,1.05kPa,0.83kPa
Metric Units,-1,-4,,0,,-4,-9.7841694114887421,0.47083725091549228,0.77298247403944664,3.0686502558274267,1.6304079193918863,**,101.32539295999999,0.56267131848455165,0.26492661676426171,0.3kPa,kPa
Metric Units,-1,-4,,1200,,-4,-8.8313808121677013,0.51216849437306233,0.89351174182184434,4.1174558577000928,2.0500711669921468,**,87.716210163453567,0.56267131848455165,0.28818252201513866,0.27kPa,kPa
Metric Units,-6.7,,0.6,0,-7.8,-8.3186582102951121,-12.471504948074219,0.6,0.75636877751425069,-3.5522962781682019,1.2809658009700751,**,101.32539295999999,0.34710353941688521,0.20826212365013111,0.14kPa,0.11kPa
Metric Units,-6.7,,0.6,1200,-7.8,-8.483594992782443,-12.471504948074219,0.6,0.8739987890380797,-3.0565154324275863,1.4801808223712944,**,87.716210163453567,0.34710353941688521,0.20826212365013111,0.14kPa,0.11kPa
