rooftop,florida,clearance,roofHeight,mount,mountHeight,L,D,H,risk,V,exposure,lateral,uplift,z,Kz,qz,clearMsg,warning
YES,NO,14,10,,,48,30,36,II,105,B,15.668137007206338,12.36958184779448,14.166666666666668,0.57289498428049357,16.169388036332652,[in] ,
NO,NO,,,Slab Mounted,0,48,30,36,III,105,B,15.668137007206338,12.36958184779448,3,0.57289498428049357,16.169388036332652,[in] ,
YES,YES,12,35,,,96,60,44,II,105,B,20.306724642840184,16.031624718031726,39.666666666666664,0.742501848796543,20.956372180433632,[in] Insufficient Clearance for HVHZ (Min.30''),Warning - Calculator not stable for Equip length/ Equp Height >=2
NO,NO,,,Wall Mounted,20,96,60,44,III,105,B,17.694145050811297,13.969061882219446,23.666666666666668,0.64697461772762088,18.260211610744374,[in] ,Warning - Calculator not stable for Equip length/ Equp Height >=2
YES,NO,24,80,,,20,18,30,II,105,B,24.843997706099774,19.613682399552456,84.5,0.90840421351653877,25.638800522290794,[in] ,
NO,NO,,,Slab Mounted,0,20,18,30,III,105,B,15.668137007206338,12.36958184779448,2.5,0.57289498428049357,16.169388036332652,[in] ,
YES,YES,36,150,,,130,70,55,II,105,B,29.335653469504894,23.159726423293339,157.58333333333334,1.0726386120787823,30.274152187311557,[in] Insufficient Clearance for HVHZ (Min.48''),Warning - Calculator not stable for Equip length/ Equp Height >=2
NO,NO,,,Wall Mounted,20,130,70,55,III,105,B,17.874362583535039,14.111338881738192,24.583333333333332,0.6535641516670645,18.44619461665123,[in] ,Warning - Calculator not stable for Equip length/ Equp Height >=2
YES,NO,14,10,,,48,30,36,II,150,B,31.97578981062518,25.244044587335669,14.166666666666668,0.57289498428049357,32.998751094556432,[in] ,
NO,NO,,,Slab Mounted,0,48,30,36,III,150,B,31.97578981062518,25.244044587335669,3,0.57289498428049357,32.998751094556432,[in] ,
YES,YES,12,35,,,96,60,44,II,150,B,41.442295189469782,32.717601465370883,39.666666666666664,0.742501848796543,42.768106490680886,[in] Insufficient Clearance for HVHZ (Min.30''),Warning - Calculator not stable for Equip length/ Equp Height >=2
NO,NO,,,Wall Mounted,20,96,60,44,III,150,B,36.110500103696523,28.50828955554989,23.666666666666668,0.64697461772762088,37.265737981110966,[in] ,Warning - Calculator not stable for Equip length/ Equp Height >=2
YES,NO,24,80,,,20,18,30,II,150,B,50.7020361348975,40.027923264392761,84.5,0.90840421351653877,52.324082698552637,[in] ,
NO,NO,,,Slab Mounted,0,20,18,30,III,150,B,31.97578981062518,25.244044587335669,2.5,0.57289498428049357,32.998751094556432,[in] ,
YES,YES,36,150,,,130,70,55,II,150,B,59.868680550009984,47.264747802639469,157.58333333333334,1.0726386120787823,61.783984055737868,[in] Insufficient Clearance for HVHZ (Min.48''),Warning - Calculator not stable for Equip length/ Equp Height >=2
NO,NO,,,Wall Mounted,20,130,70,55,III,150,B,36.4782909868062,28.798650779057528,24.583333333333332,0.6535641516670645,37.645295136022916,[in] ,Warning - Calculator not stable for Equip length/ Equp Height >=2
YES,NO,14,10,,,48,30,36,II,185,B,48.638729167495406,38.398996711180587,14.166666666666668,0.57289498428049357,50.194766942719724,[in] ,
NO,NO,,,Slab Mounted,0,48,30,36,III,185,B,48.638729167495406,38.398996711180587,3,0.57289498428049357,50.194766942719724,[in] ,
YES,YES,12,35,,,96,60,44,II,185,B,63.038335682649027,49.767107117880812,39.666666666666664,0.742501848796543,65.055041984157924,[in] Insufficient Clearance for HVHZ (Min.30''),Warning - Calculator not stable for Equip length/ Equp Height >=2
NO,NO,,,Wall Mounted,20,96,60,44,III,185,B,54.928082935511711,43.36427600171978,23.666666666666668,0.64697461772762088,56.685328106823235,[in] ,Warning - Calculator not stable for Equip length/ Equp Height >=2
YES,NO,24,80,,,20,18,30,II,185,B,77.123430520749636,60.886918832170778,84.5,0.90840421351653877,79.590743571465069,[in] ,
NO,NO,,,Slab Mounted,0,20,18,30,III,185,B,48.638729167495406,38.398996711180587,2.5,0.57289498428049357,50.194766942719724,[in] ,
YES,YES,36,150,,,130,70,55,II,185,B,91.066915192181838,71.894933046459357,157.58333333333334,1.0726386120787823,93.9803046358946,[in] Insufficient Clearance for HVHZ (Min.48''),Warning - Calculator not stable for Equip length/ Equp Height >=2
NO,NO,,,Wall Mounted,20,130,70,55,III,185,B,55.487533734375219,43.805947685033068,24.583333333333332,0.6535641516670645,57.262676712461527,[in] ,Warning - Calculator not stable for Equip length/ Equp Height >=2
YES,NO,14,10,,,48,30,36,II,105,C,23.278255705878923,18.377570294114939,14.166666666666668,0.85115390110279943,24.02296770472541,[in] ,
NO,NO,,,Slab Mounted,0,48,30,36,III,105,C,23.278255705878923,18.377570294114939,3,0.85115390110279943,24.02296770472541,[in] ,
YES,YES,12,35,,,96,60,44,II,105,C,28.388414522423563,22.411906201913343,39.666666666666664,1.0380034514691683,29.296609414265806,[in] Insufficient Clearance for HVHZ (Min.30''),Warning - Calculator not stable for Equip length/ Equp Height >=2
NO,NO,,,Wall Mounted,20,96,60,44,III,105,C,25.5486497078448,20.169986611456423,23.666666666666668,0.93416934419399356,26.365995570531275,[in] ,Warning - Calculator not stable for Equip length/ Equp Height >=2
YES,NO,24,80,,,20,18,30,II,105,C,33.125914245646413,26.152037562352433,84.5,1.2112269705267493,34.185670016146972,[in] ,
NO,NO,,,Slab Mounted,0,20,18,30,III,105,C,23.278255705878923,18.377570294114939,2.5,0.85115390110279943,24.02296770472541,[in] ,
YES,YES,36,150,,,130,70,55,II,105,C,37.618657820049492,29.6989403842496,157.58333333333334,1.3755011441729281,38.822144293136731,[in] Insufficient Clearance for HVHZ (Min.48''),Warning - Calculator not stable for Equip length/ Equp Height >=2
NO,NO,,,Wall Mounted,20,130,70,55,III,105,C,25.747558227208991,20.327019653059729,24.583333333333332,0.94144230159933107,26.571267520339521,[in] ,Warning - Calculator not stable for Equip length/ Equp Height >=2
YES,NO,14,10,,,48,30,36,II,150,C,47.506644297712086,37.505245498193759,14.166666666666668,0.85115390110279943,49.026464703521249,[in] ,
NO,NO,,,Slab Mounted,0,48,30,36,III,150,C,47.506644297712086,37.505245498193759,3,0.85115390110279943,49.026464703521249,[in] ,
YES,YES,12,35,,,96,60,44,II,150,C,57.935539841680736,45.738584085537425,39.666666666666664,1.0380034514691683,59.788998804624093,[in] Insufficient Clearance for HVHZ (Min.30''),Warning - Calculator not stable for Equip length/ Equp Height >=2
NO,NO,,,Wall Mounted,20,96,60,44,III,150,C,52.140101444581234,41.163237982564141,23.666666666666668,0.93416934419399356,53.808154225574036,[in] ,Warning - Calculator not stable for Equip length/ Equp Height >=2
YES,NO,24,80,,,20,18,30,II,150,C,67.6039066237682,53.371505229290683,84.5,1.2112269705267493,69.766673502340765,[in] ,
NO,NO,,,Slab Mounted,0,20,18,30,III,150,C,47.506644297712086,37.505245498193759,2.5,0.85115390110279943,49.026464703521249,[in] ,
YES,YES,36,150,,,130,70,55,II,150,C,76.772771061325486,60.610082416835915,157.58333333333334,1.3755011441729281,79.228865904360674,[in] Insufficient Clearance for HVHZ (Min.48''),Warning - Calculator not stable for Equip length/ Equp Height >=2
NO,NO,,,Wall Mounted,20,130,70,55,III,150,C,52.5460371983857,41.483713577672923,24.583333333333332,0.94144230159933107,54.227076572121469,[in] ,Warning - Calculator not stable for Equip length/ Equp Height >=2
YES,NO,14,10,,,48,30,36,II,185,C,72.262884492853146,57.049645652252494,14.166666666666668,0.85115390110279943,74.574700199022871,[in] ,
NO,NO,,,Slab Mounted,0,48,30,36,III,185,C,72.262884492853146,57.049645652252494,3,0.85115390110279943,74.574700199022871,[in] ,
YES,YES,12,35,,,96,60,44,II,185,C,88.126393381401044,69.573468459000821,39.666666666666664,1.0380034514691683,90.945710403922646,[in] Insufficient Clearance for HVHZ (Min.30''),Warning - Calculator not stable for Equip length/ Equp Height >=2
NO,NO,,,Wall Mounted,20,96,60,44,III,185,C,79.310887641813011,62.613858664589209,23.666666666666668,0.93416934419399356,81.848181260900944,[in] ,Warning - Calculator not stable for Equip length/ Equp Height >=2
YES,NO,24,80,,,20,18,30,II,185,C,102.83305351993184,81.18398962099883,84.5,1.2112269705267493,106.12286224967167,[in] ,
NO,NO,,,Slab Mounted,0,20,18,30,III,185,C,72.262884492853146,57.049645652252494,2.5,0.85115390110279943,74.574700199022871,[in] ,
YES,YES,36,150,,,130,70,55,II,185,C,116.77991509217176,92.1946698096093,157.58333333333334,1.3755011441729281,120.51590824785528,[in] Insufficient Clearance for HVHZ (Min.48''),Warning - Calculator not stable for Equip length/ Equp Height >=2
NO,NO,,,Wall Mounted,20,130,70,55,III,185,C,79.928361027322254,63.101337653149137,24.583333333333332,0.94144230159933107,82.485408696927,[in] ,Warning - Calculator not stable for Equip length/ Equp Height >=2
YES,NO,14,10,,,48,30,36,II,105,D,28.307420938779433,22.34796389903639,14.166666666666668,1.0350419750787534,29.21302470462274,[in] ,
NO,NO,,,Slab Mounted,0,48,30,36,III,105,D,28.307420938779433,22.34796389903639,3,1.0350419750787534,29.21302470462274,[in] ,
YES,YES,12,35,,,96,60,44,II,105,D,33.523532235447867,26.465946501669375,39.666666666666664,1.2257656072461103,34.596008498914216,[in] Insufficient Clearance for HVHZ (Min.30''),Warning - Calculator not stable for Equip length/ Equp Height >=2
NO,NO,,,Wall Mounted,20,96,60,44,III,105,D,30.643830885557449,24.192498067545355,23.666666666666668,1.1204712471815279,31.624180480451447,[in] ,Warning - Calculator not stable for Equip length/ Equp Height >=2
YES,NO,24,80,,,20,18,30,II,105,D,38.235626213973013,30.186020695241851,84.5,1.3980601821859229,39.458850582015494,[in] ,
NO,NO,,,Slab Mounted,0,20,18,30,III,105,D,28.307420938779433,22.34796389903639,2.5,1.0350419750787534,29.21302470462274,[in] ,
YES,YES,36,150,,,130,70,55,II,105,D,42.612635391933111,33.6415542567893,157.58333333333334,1.558102604782158,43.975887917371637,[in] Insufficient Clearance for HVHZ (Min.48''),Warning - Calculator not stable for Equip length/ Equp Height >=2
NO,NO,,,Wall Mounted,20,130,70,55,III,105,D,30.847023295253226,24.352913127831496,24.583333333333332,1.1279008421809231,31.833873369714375,[in] ,Warning - Calculator not stable for Equip length/ Equp Height >=2
YES,NO,14,10,,,48,30,36,II,150,D,57.77024681383557,45.60808958987019,14.166666666666668,1.0350419750787534,59.6184177645362,[in] ,
NO,NO,,,Slab Mounted,0,48,30,36,III,150,D,57.77024681383557,45.60808958987019,3,1.0350419750787534,59.6184177645362,[in] ,
YES,YES,12,35,,,96,60,44,II,150,D,68.4153719090773,54.0121357176926,39.666666666666664,1.2257656072461103,70.604098977375955,[in] Insufficient Clearance for HVHZ (Min.30''),Warning - Calculator not stable for Equip length/ Equp Height >=2
NO,NO,,,Wall Mounted,20,96,60,44,III,150,D,62.538430378688666,49.372445035806848,23.666666666666668,1.1204712471815279,64.539143837656013,[in] ,Warning - Calculator not stable for Equip length/ Equp Height >=2
YES,NO,24,80,,,20,18,30,II,150,D,78.031890232597974,61.604123867840514,84.5,1.3980601821859229,80.528266493909172,[in] ,
NO,NO,,,Slab Mounted,0,20,18,30,III,150,D,57.77024681383557,45.60808958987019,2.5,1.0350419750787534,59.6184177645362,[in] ,
YES,YES,36,150,,,130,70,55,II,150,D,86.964562024353285,68.65623317712101,157.58333333333334,1.558102604782158,89.74671003545231,[in] Insufficient Clearance for HVHZ (Min.48''),Warning - Calculator not stable for Equip length/ Equp Height >=2
NO,NO,,,Wall Mounted,20,130,70,55,III,150,D,62.953108765822918,49.699822709860207,24.583333333333332,1.1279008421809231,64.967088509621178,[in] ,Warning - Calculator not stable for Equip length/ Equp Height >=2
YES,NO,14,10,,,48,30,36,II,185,D,87.87496432015655,69.374971831702538,14.166666666666668,1.0350419750787534,90.686237688500057,[in] ,
NO,NO,,,Slab Mounted,0,48,30,36,III,185,D,87.87496432015655,69.374971831702538,3,1.0350419750787534,90.686237688500057,[in] ,
YES,YES,12,35,,,96,60,44,II,185,D,104.06738238169646,82.15845977502353,39.666666666666664,1.2257656072461103,107.3966794444752,[in] Insufficient Clearance for HVHZ (Min.30''),Warning - Calculator not stable for Equip length/ Equp Height >=2
NO,NO,,,Wall Mounted,20,96,60,44,III,185,D,95.127901320471992,75.10097472668842,23.666666666666668,1.1204712471815279,98.171208793056763,[in] ,Warning - Calculator not stable for Equip length/ Equp Height >=2
YES,NO,24,80,,,20,18,30,II,185,D,118.69517525380736,93.706717305637383,84.5,1.3980601821859229,122.49244092240183,[in] ,
NO,NO,,,Slab Mounted,0,20,18,30,III,185,D,87.87496432015655,69.374971831702538,2.5,1.0350419750787534,90.686237688500057,[in] ,
YES,YES,36,150,,,130,70,55,II,185,D,132.28276156815517,104.43375913275408,157.58333333333334,1.558102604782158,136.51471782059357,[in] Insufficient Clearance for HVHZ (Min.48''),Warning - Calculator not stable for Equip length/ Equp Height >=2
NO,NO,,,Wall Mounted,20,130,70,55,III,185,D,95.758673222679519,75.59895254422068,24.583333333333332,1.1279008421809231,98.822160188523767,[in] ,Warning - Calculator not stable for Equip length/ Equp Height >=2
