units,material,q,criterion,value,height,py_len,py_vol,py_vround,py_drop,py_dia,py_w,py_h,py_vrect
US,Duct board,125.0,Air Velocity,600.0,0.0,100.0,125.0,600.0000000000001,0.13405846104025554,6.180387232371033,5.653661900159698,5.653661900159698,563.135412411573
US,Duct board,125.0,Air Velocity,600.0,8.0,100.0,125.0,600.0000000000001,0.13405846104025554,6.180387232371033,4.106077344064886,8.0,547.9682459591888
US,Duct board,125.0,Air Velocity,600.0,12.0,100.0,125.0,600.0000000000001,0.13405846104025554,6.180387232371033,2.9809167336986633,12.0,503.20090562839346
US,Duct board,125.0,Air Velocity,900.0,0.0,100.0,125.0,899.9999999999999,0.37916731732331244,5.046265044040321,4.616195611201745,4.616195611201745,844.7031186173595
US,Duct board,125.0,Air Velocity,900.0,8.0,100.0,125.0,899.9999999999999,0.37916731732331244,5.046265044040321,2.8403368755035667,8.0,792.1595566374833
US,Duct board,125.0,Air Velocity,900.0,12.0,100.0,125.0,899.9999999999999,0.37916731732331244,5.046265044040321,2.1037561465629273,12.0,713.0103945035021
US,Duct board,125.0,Air Velocity,1400.0,0.0,100.0,125.0,1400.0000000000002,1.1900751221360504,4.046013188068413,3.7011905158813834,3.7011905158813834,1313.9826289603373
US,Duct board,125.0,Air Velocity,1400.0,8.0,100.0,125.0,1400.0000000000002,1.1900751221360504,4.046013188068413,1.9255084321871805,8.0,1168.5225379378007
US,Duct board,125.0,Air Velocity,1400.0,12.0,100.0,125.0,1400.0000000000002,1.1900751221360504,4.046013188068413,1.4495603315995693,12.0,1034.7965291963883
US,Duct board,125.0,Friction Loss,0.05,0.0,100.0,125.0,406.84850865981247,0.05,7.505419092474978,6.865767527575775,6.865767527575775,381.85133785529496
US,Duct board,125.0,Friction Loss,0.05,8.0,100.0,125.0,406.84850865981247,0.05,7.505419092474978,5.925498062828513,8.0,379.71491613752573
US,Duct board,125.0,Friction Loss,0.05,12.0,100.0,125.0,406.84850865981247,0.05,7.505419092474978,4.196398121697427,12.0,357.44940220144224
US,Duct board,125.0,Friction Loss,0.1,0.0,100.0,125.0,534.7963484350483,0.1,6.546317955758761,5.9884060692756815,5.9884060692756815,501.9379370536239
US,Duct board,125.0,Friction Loss,0.1,8.0,100.0,125.0,534.7963484350483,0.1,6.546317955758761,4.570171317857331,8.0,492.3229007211233
US,Duct board,125.0,Friction Loss,0.1,12.0,100.0,125.0,534.7963484350483,0.1,6.546317955758761,3.2955738882936245,12.0,455.15593060384
US,Duct board,125.0,Friction Loss,0.2,0.0,100.0,125.0,701.6316280542659,0.2,5.715269747846268,5.228184190998914,5.228184190998914,658.5226937089041
US,Duct board,125.0,Friction Loss,0.2,8.0,100.0,125.0,701.6316280542659,0.2,5.715269747846268,3.5561931289420365,8.0,632.6990459793651
US,Duct board,125.0,Friction Loss,0.2,12.0,100.0,125.0,701.6316280542659,0.2,5.715269747846268,2.603457157494709,12.0,576.1569748447257
US,Duct board,125.0,Round Duct Dia.,6.0,0.0,100.0,125.0,636.6197723675814,0.1559520365147119,6.0,5.4886482230894815,5.4886482230894815,597.5052301026327
US,Duct board,125.0,Round Duct Dia.,6.0,8.0,100.0,125.0,636.6197723675814,0.1559520365147119,6.0,3.887587124535006,8.0,578.7651640782512
US,Duct board,125.0,Round Duct Dia.,6.0,12.0,100.0,125.0,636.6197723675814,0.1559520365147119,6.0,2.831562509002841,12.0,529.7428523053294
US,Duct board,125.0,Round Duct Dia.,14.0,0.0,100.0,125.0,116.93016227159659,0.002260026212508587,14.0,12.806845853875457,12.806845853875457,109.7458585902795
US,Duct board,125.0,Round Duct Dia.,14.0,8.0,100.0,125.0,116.93016227159659,0.002260026212508587,14.0,21.774153174028925,8.0,103.33352493743283
US,Duct board,125.0,Round Duct Dia.,14.0,12.0,100.0,125.0,116.93016227159659,0.002260026212508587,14.0,13.682648508471827,12.0,109.6278983612896
US,Duct board,125.0,Round Duct Dia.,20.0,0.0,100.0,125.0,57.29577951308232,0.0004008172562656093,20.0,18.29549407696494,18.29549407696494,53.77547070923694
US,Duct board,125.0,Round Duct Dia.,20.0,8.0,100.0,125.0,57.29577951308232,0.0004008172562656093,20.0,50.46797218909826,8.0,44.582730440792886
US,Duct board,125.0,Round Duct Dia.,20.0,12.0,100.0,125.0,57.29577951308232,0.0004008172562656093,20.0,29.26891314732842,12.0,51.24891356401171
US,Duct board,125.0,"Rect. Duct, W x H",8.0,0.0,100.0,125.0,299.6614957623504,0.023171603908726957,8.745322718638631,8.0,8.0,281.25
US,Duct board,125.0,"Rect. Duct, W x H",8.0,8.0,100.0,125.0,299.6614957623504,0.023171603908726957,8.745322718638631,8.0,8.0,281.25
US,Duct board,125.0,"Rect. Duct, W x H",8.0,12.0,100.0,125.0,201.82356611413906,0.008656297318258423,10.656273883481354,8.0,12.0,187.5
US,Duct board,125.0,"Rect. Duct, W x H",12.0,0.0,100.0,125.0,133.18288700548905,0.0031077904990349727,13.117984077957948,12.0,12.0,125.0
US,Duct board,125.0,"Rect. Duct, W x H",12.0,8.0,100.0,125.0,201.82356611413906,0.008656297318258423,10.656273883481354,12.0,8.0,187.5
US,Duct board,125.0,"Rect. Duct, W x H",12.0,12.0,100.0,125.0,133.18288700548905,0.0031077904990349727,13.117984077957948,12.0,12.0,125.0
US,Duct board,125.0,"Rect. Duct, W x H",20.0,0.0,100.0,125.0,47.94583932197608,0.00026120709075938336,21.863306796596575,20.0,20.0,45.0
US,Duct board,125.0,"Rect. Duct, W x H",20.0,8.0,100.0,125.0,126.10286581751343,0.0027185358340301173,13.481208751340962,20.0,8.0,112.5
US,Duct board,125.0,"Rect. Duct, W x H",20.0,12.0,100.0,125.0,81.20950365751762,0.0009307555318447656,16.799172275102524,20.0,12.0,75.0
US,Duct board,1000.0,Air Velocity,600.0,0.0,100.0,1000.0,599.9999999999999,0.035570419553836975,17.480774889473267,15.990970672555777,15.990970672555777,563.135412411573
US,Duct board,1000.0,Air Velocity,600.0,8.0,100.0,1000.0,599.9999999999999,0.035570419553836975,17.480774889473267,36.46860361157728,8.0,493.5752460312394
US,Duct board,1000.0,Air Velocity,600.0,12.0,100.0,1000.0,599.9999999999999,0.035570419553836975,17.480774889473267,21.780842137954778,12.0,550.9428847605982
US,Duct board,1000.0,Air Velocity,900.0,0.0,100.0,1000.0,900.0,0.10002031528602195,14.27299292922217,13.056572879857333,13.056572879857333,844.7031186173595
US,Duct board,1000.0,Air Velocity,900.0,8.0,100.0,1000.0,900.0,0.10002031528602195,14.27299292922217,22.748614489106604,8.0,791.2569800072648
US,Duct board,1000.0,Air Velocity,900.0,12.0,100.0,1000.0,900.0,0.10002031528602195,14.27299292922217,14.232004088308143,12.0,843.1700781942737
US,Duct board,1000.0,Air Velocity,1400.0,0.0,100.0,1000.0,1400.0000000000002,0.3115657168710747,11.443853448213506,10.46854764897225,10.46854764897225,1313.982628960337
US,Duct board,1000.0,Air Velocity,1400.0,8.0,100.0,1000.0,1400.0000000000002,0.3115657168710747,11.443853448213506,13.963613801899804,8.0,1289.0645828052786
US,Duct board,1000.0,Air Velocity,1400.0,12.0,100.0,1000.0,1400.0000000000002,0.3115657168710747,11.443853448213506,9.17368004035522,12.0,1308.0900954918568
US,Duct board,1000.0,Friction Loss,0.05,0.0,100.0,1000.0,685.991146390995,0.05,16.34846756698627,14.955164576962535,14.955164576962535,643.8431785559679
US,Duct board,1000.0,Friction Loss,0.05,8.0,100.0,1000.0,685.991146390995,0.05,16.34846756698627,31.128817023207606,8.0,578.2423400985774
US,Duct board,1000.0,Friction Loss,0.05,12.0,100.0,1000.0,685.991146390995,0.05,16.34846756698627,18.876639463328992,12.0,635.7063725941258
US,Duct board,1000.0,Friction Loss,0.1,0.0,100.0,1000.0,899.9286090210031,0.1,14.273559053423877,13.057090755956292,13.057090755956292,844.6361139700263
US,Duct board,1000.0,Friction Loss,0.1,8.0,100.0,1000.0,899.9286090210031,0.1,14.273559053423877,22.75066503281812,8.0,791.1856631019258
US,Duct board,1000.0,Friction Loss,0.1,12.0,100.0,1000.0,899.9286090210031,0.1,14.273559053423877,14.2331576526623,12.0,843.1017412187106
US,Duct board,1000.0,Friction Loss,0.2,0.0,100.0,1000.0,1178.8366687723596,0.2,12.47123569606327,11.408370940487963,11.408370940487963,1106.4077893916792
US,Duct board,1000.0,Friction Loss,0.2,8.0,100.0,1000.0,1178.8366687723596,0.2,12.47123569606327,16.828001065053126,8.0,1069.6457606828167
US,Duct board,1000.0,Friction Loss,0.2,12.0,100.0,1000.0,1178.8366687723596,0.2,12.47123569606327,10.85275488110228,12.0,1105.710036895369
US,Duct board,1000.0,Round Duct Dia.,6.0,0.0,100.0,1000.0,5092.958178940651,9.020687690146957,6.0,5.4886482230894815,5.4886482230894815,4780.041840821062
US,Duct board,1000.0,Round Duct Dia.,6.0,8.0,100.0,1000.0,5092.958178940651,9.020687690146957,6.0,3.887587124535006,8.0,4630.12131262601
US,Duct board,1000.0,Round Duct Dia.,6.0,12.0,100.0,1000.0,5092.958178940651,9.020687690146957,6.0,2.831562509002841,12.0,4237.942818442635
US,Duct board,1000.0,Round Duct Dia.,14.0,0.0,100.0,1000.0,935.4412981727727,0.11042272235695899,14.0,12.806845853875457,12.806845853875457,877.966868722236
US,Duct board,1000.0,Round Duct Dia.,14.0,8.0,100.0,1000.0,935.4412981727727,0.11042272235695899,14.0,21.774153174028925,8.0,826.6681994994626
US,Duct board,1000.0,Round Duct Dia.,14.0,12.0,100.0,1000.0,935.4412981727727,0.11042272235695899,14.0,13.682648508471827,12.0,877.0231868903168
US,Duct board,1000.0,Round Duct Dia.,20.0,0.0,100.0,1000.0,458.3662361046586,0.017994806119062512,20.0,18.29549407696494,18.29549407696494,430.20376567389553
US,Duct board,1000.0,Round Duct Dia.,20.0,8.0,100.0,1000.0,458.3662361046586,0.017994806119062512,20.0,50.46797218909826,8.0,356.6618435263431
US,Duct board,1000.0,Round Duct Dia.,20.0,12.0,100.0,1000.0,458.3662361046586,0.017994806119062512,20.0,29.26891314732842,12.0,409.99130851209367
US,Duct board,1000.0,"Rect. Duct, W x H",8.0,0.0,100.0,1000.0,2397.291966098803,1.2568921314835417,8.745322718638631,8.0,8.0,2250.0
US,Duct board,1000.0,"Rect. Duct, W x H",8.0,8.0,100.0,1000.0,2397.291966098803,1.2568921314835417,8.745322718638631,8.0,8.0,2250.0
US,Duct board,1000.0,"Rect. Duct, W x H",8.0,12.0,100.0,1000.0,1614.5885289131124,0.45046160745748925,10.656273883481354,8.0,12.0,1500.0
US,Duct board,1000.0,"Rect. Duct, W x H",12.0,0.0,100.0,1000.0,1065.4630960439124,0.1542031816289707,13.117984077957948,12.0,12.0,1000.0
US,Duct board,1000.0,"Rect. Duct, W x H",12.0,8.0,100.0,1000.0,1614.5885289131124,0.45046160745748925,10.656273883481354,12.0,8.0,1500.0
US,Duct board,1000.0,"Rect. Duct, W x H",12.0,12.0,100.0,1000.0,1065.4630960439124,0.1542031816289707,13.117984077957948,12.0,12.0,1000.0
US,Duct board,1000.0,"Rect. Duct, W x H",20.0,0.0,100.0,1000.0,383.56671457580865,0.01149105783119678,21.863306796596575,20.0,20.0,360.0
US,Duct board,1000.0,"Rect. Duct, W x H",20.0,8.0,100.0,1000.0,1008.8229265401075,0.13402137924758464,13.481208751340962,20.0,8.0,900.0
US,Duct board,1000.0,"Rect. Duct, W x H",20.0,12.0,100.0,1000.0,649.6760292601409,0.0435374219931116,16.799172275102524,20.0,12.0,600.0
US,Fabric DurkeeSox,125.0,Air Velocity,600.0,0.0,100.0,125.0,600.0000000000001,0.2992079499735499,6.180387232371033,5.653661900159698,5.653661900159698,563.135412411573
US,Fabric DurkeeSox,125.0,Air Velocity,600.0,8.0,100.0,125.0,600.0000000000001,0.2992079499735499,6.180387232371033,4.106077344064886,8.0,547.9682459591888
US,Fabric DurkeeSox,125.0,Air Velocity,600.0,12.0,100.0,125.0,600.0000000000001,0.2992079499735499,6.180387232371033,2.9809167336986633,12.0,503.20090562839346
US,Fabric DurkeeSox,125.0,Air Velocity,900.0,0.0,100.0,125.0,899.9999999999999,0.901440153192657,5.046265044040321,4.616195611201745,4.616195611201745,844.7031186173595
US,Fabric DurkeeSox,125.0,Air Velocity,900.0,8.0,100.0,125.0,899.9999999999999,0.901440153192657,5.046265044040321,2.8403368755035667,8.0,792.1595566374833
US,Fabric DurkeeSox,125.0,Air Velocity,900.0,12.0,100.0,125.0,899.9999999999999,0.901440153192657,5.046265044040321,2.1037561465629273,12.0,713.0103945035021
US,Fabric DurkeeSox,125.0,Air Velocity,1400.0,0.0,100.0,125.0,1400.0000000000002,3.0195689948461317,4.046013188068413,3.7011905158813834,3.7011905158813834,1313.9826289603373
US,Fabric DurkeeSox,125.0,Air Velocity,1400.0,8.0,100.0,125.0,1400.0000000000002,3.0195689948461317,4.046013188068413,1.9255084321871805,8.0,1168.5225379378007
US,Fabric DurkeeSox,125.0,Air Velocity,1400.0,12.0,100.0,125.0,1400.0000000000002,3.0195689948461317,4.046013188068413,1.4495603315995693,12.0,1034.7965291963883
US,Fabric DurkeeSox,125.0,Friction Loss,0.05,0.0,100.0,125.0,309.21119753623697,0.05,8.609218009320063,7.875494854840754,7.875494854840754,290.21295874474197
US,Fabric DurkeeSox,125.0,Friction Loss,0.05,8.0,100.0,125.0,309.21119753623697,0.05,8.609218009320063,7.753402409345077,8.0,290.19517899497947
US,Fabric DurkeeSox,125.0,Friction Loss,0.05,12.0,100.0,125.0,309.21119753623697,0.05,8.609218009320063,5.375604207877018,12.0,279.0384005210074
US,Fabric DurkeeSox,125.0,Friction Loss,0.1,0.0,100.0,125.0,400.0717861956785,0.1,7.5687184346510445,6.923672164568676,6.923672164568676,375.4909838558968
US,Fabric DurkeeSox,125.0,Friction Loss,0.1,8.0,100.0,125.0,400.0717861956785,0.1,7.5687184346510445,6.022328863085394,8.0,373.6096203234021
US,Fabric DurkeeSox,125.0,Friction Loss,0.1,12.0,100.0,125.0,400.0717861956785,0.1,7.5687184346510445,4.259822128461265,12.0,352.1273787414759
US,Fabric DurkeeSox,125.0,Friction Loss,0.2,0.0,100.0,125.0,517.106231918948,0.2,6.6573505532405495,6.0899758807545865,6.0899758807545865,485.33471862045207
US,Fabric DurkeeSox,125.0,Friction Loss,0.2,8.0,100.0,125.0,517.106231918948,0.2,6.6573505532405495,4.716629184944576,8.0,477.0355929573546
US,Fabric DurkeeSox,125.0,Friction Loss,0.2,12.0,100.0,125.0,517.106231918948,0.2,6.6573505532405495,3.3941750795342043,12.0,441.93359648549733
US,Fabric DurkeeSox,125.0,Round Duct Dia.,6.0,0.0,100.0,125.0,636.6197723675814,0.35138596734488764,6.0,5.4886482230894815,5.4886482230894815,597.5052301026327
US,Fabric DurkeeSox,125.0,Round Duct Dia.,6.0,8.0,100.0,125.0,636.6197723675814,0.35138596734488764,6.0,3.887587124535006,8.0,578.7651640782512
US,Fabric DurkeeSox,125.0,Round Duct Dia.,6.0,12.0,100.0,125.0,636.6197723675814,0.35138596734488764,6.0,2.831562509002841,12.0,529.7428523053294
US,Fabric DurkeeSox,125.0,Round Duct Dia.,14.0,0.0,100.0,125.0,116.93016227159659,0.0037575078361939363,14.0,12.806845853875457,12.806845853875457,109.7458585902795
US,Fabric DurkeeSox,125.0,Round Duct Dia.,14.0,8.0,100.0,125.0,116.93016227159659,0.0037575078361939363,14.0,21.774153174028925,8.0,103.33352493743283
US,Fabric DurkeeSox,125.0,Round Duct Dia.,14.0,12.0,100.0,125.0,116.93016227159659,0.0037575078361939363,14.0,13.682648508471827,12.0,109.6278983612896
US,Fabric DurkeeSox,125.0,Round Duct Dia.,20.0,0.0,100.0,125.0,57.29577951308232,0.0005827597142894518,20.0,18.29549407696494,18.29549407696494,53.77547070923694
US,Fabric DurkeeSox,125.0,Round Duct Dia.,20.0,8.0,100.0,125.0,57.29577951308232,0.0005827597142894518,20.0,50.46797218909826,8.0,44.582730440792886
US,Fabric DurkeeSox,125.0,Round Duct Dia.,20.0,12.0,100.0,125.0,57.29577951308232,0.0005827597142894518,20.0,29.26891314732842,12.0,51.24891356401171
US,Fabric DurkeeSox,125.0,"Rect. Duct, W x H",8.0,0.0,100.0,125.0,299.6614957623504,0.04596184759556733,8.745322718638631,8.0,8.0,281.25
US,Fabric DurkeeSox,125.0,"Rect. Duct, W x H",8.0,8.0,100.0,125.0,299.6614957623504,0.04596184759556733,8.745322718638631,8.0,8.0,281.25
US,Fabric DurkeeSox,125.0,"Rect. Duct, W x H",8.0,12.0,100.0,125.0,201.82356611413906,0.015968880000448323,10.656273883481354,8.0,12.0,187.5
US,Fabric DurkeeSox,125.0,"Rect. Duct, W x H",12.0,0.0,100.0,125.0,133.18288700548905,0.005297666442095334,13.117984077957948,12.0,12.0,125.0
US,Fabric DurkeeSox,125.0,"Rect. Duct, W x H",12.0,8.0,100.0,125.0,201.82356611413906,0.015968880000448323,10.656273883481354,12.0,8.0,187.5
US,Fabric DurkeeSox,125.0,"Rect. Duct, W x H",12.0,12.0,100.0,125.0,133.18288700548905,0.005297666442095334,13.117984077957948,12.0,12.0,125.0
US,Fabric DurkeeSox,125.0,"Rect. Duct, W x H",20.0,0.0,100.0,125.0,47.94583932197608,0.0003679383999432238,21.863306796596575,20.0,20.0,45.0
US,Fabric DurkeeSox,125.0,"Rect. Duct, W x H",20.0,8.0,100.0,125.0,126.10286581751343,0.004585814919488034,13.481208751340962,20.0,8.0,112.5
US,Fabric DurkeeSox,125.0,"Rect. Duct, W x H",20.0,12.0,100.0,125.0,81.20950365751762,0.0014435049974215707,16.799172275102524,20.0,12.0,75.0
US,Fabric DurkeeSox,1000.0,Air Velocity,600.0,0.0,100.0,1000.0,599.9999999999999,0.06899971805596902,17.480774889473267,15.990970672555777,15.990970672555777,563.135412411573
US,Fabric DurkeeSox,1000.0,Air Velocity,600.0,8.0,100.0,1000.0,599.9999999999999,0.06899971805596902,17.480774889473267,36.46860361157728,8.0,493.5752460312394
US,Fabric DurkeeSox,1000.0,Air Velocity,600.0,12.0,100.0,1000.0,599.9999999999999,0.06899971805596902,17.480774889473267,21.780842137954778,12.0,550.9428847605982
US,Fabric DurkeeSox,1000.0,Air Velocity,900.0,0.0,100.0,1000.0,900.0,0.2041699046211349,14.27299292922217,13.056572879857333,13.056572879857333,844.7031186173595
US,Fabric DurkeeSox,1000.0,Air Velocity,900.0,8.0,100.0,1000.0,900.0,0.2041699046211349,14.27299292922217,22.748614489106604,8.0,791.2569800072648
US,Fabric DurkeeSox,1000.0,Air Velocity,900.0,12.0,100.0,1000.0,900.0,0.2041699046211349,14.27299292922217,14.232004088308143,12.0,843.1700781942737
US,Fabric DurkeeSox,1000.0,Air Velocity,1400.0,0.0,100.0,1000.0,1400.0000000000002,0.6692478741025268,11.443853448213506,10.46854764897225,10.46854764897225,1313.982628960337
US,Fabric DurkeeSox,1000.0,Air Velocity,1400.0,8.0,100.0,1000.0,1400.0000000000002,0.6692478741025268,11.443853448213506,13.963613801899804,8.0,1289.0645828052786
US,Fabric DurkeeSox,1000.0,Air Velocity,1400.0,12.0,100.0,1000.0,1400.0000000000002,0.6692478741025268,11.443853448213506,9.17368004035522,12.0,1308.0900954918568
US,Fabric DurkeeSox,1000.0,Friction Loss,0.05,0.0,100.0,1000.0,531.7720351546608,0.05,18.56836044296825,16.98586642516378,16.98586642516378,499.0994405429358
US,Fabric DurkeeSox,1000.0,Friction Loss,0.05,8.0,100.0,1000.0,531.7720351546608,0.05,18.56836044296825,42.1425642841534,8.0,427.12161221685375
US,Fabric DurkeeSox,1000.0,Friction Loss,0.05,12.0,100.0,1000.0,531.7720351546608,0.05,18.56836044296825,24.83399684011952,12.0,483.20856595318173
US,Fabric DurkeeSox,1000.0,Friction Loss,0.1,0.0,100.0,1000.0,689.3920065881849,0.1,16.30809315675008,14.918231087795675,14.918231087795675,647.0350865721324
US,Fabric DurkeeSox,1000.0,Friction Loss,0.1,8.0,100.0,1000.0,689.3920065881849,0.1,16.30809315675008,30.948754172558047,8.0,581.6066100638203
US,Fabric DurkeeSox,1000.0,Friction Loss,0.1,12.0,100.0,1000.0,689.3920065881849,0.1,16.30809315675008,18.77807478085849,12.0,639.0431468636099
US,Fabric DurkeeSox,1000.0,Friction Loss,0.2,0.0,100.0,1000.0,893.0995578512661,0.2,14.328026239563924,13.106915960027,13.106915960027,838.2266463919435
US,Fabric DurkeeSox,1000.0,Friction Loss,0.2,8.0,100.0,1000.0,893.0995578512661,0.2,14.328026239563924,22.948528290105035,8.0,784.3640242394653
US,Fabric DurkeeSox,1000.0,Friction Loss,0.2,12.0,100.0,1000.0,893.0995578512661,0.2,14.328026239563924,14.344421825884732,12.0,836.5621246822102
US,Fabric DurkeeSox,1000.0,Round Duct Dia.,6.0,0.0,100.0,1000.0,5092.958178940651,22.14528384061381,6.0,5.4886482230894815,5.4886482230894815,4780.041840821062
US,Fabric DurkeeSox,1000.0,Round Duct Dia.,6.0,8.0,100.0,1000.0,5092.958178940651,22.14528384061381,6.0,3.887587124535006,8.0,4630.12131262601
US,Fabric DurkeeSox,1000.0,Round Duct Dia.,6.0,12.0,100.0,1000.0,5092.958178940651,22.14528384061381,6.0,2.831562509002841,12.0,4237.942818442635
US,Fabric DurkeeSox,1000.0,Round Duct Dia.,14.0,0.0,100.0,1000.0,935.4412981727727,0.22645085900387787,14.0,12.806845853875457,12.806845853875457,877.966868722236
US,Fabric DurkeeSox,1000.0,Round Duct Dia.,14.0,8.0,100.0,1000.0,935.4412981727727,0.22645085900387787,14.0,21.774153174028925,8.0,826.6681994994626
US,Fabric DurkeeSox,1000.0,Round Duct Dia.,14.0,12.0,100.0,1000.0,935.4412981727727,0.22645085900387787,14.0,13.682648508471827,12.0,877.0231868903168
US,Fabric DurkeeSox,1000.0,Round Duct Dia.,20.0,0.0,100.0,1000.0,458.3662361046586,0.03365905612390532,20.0,18.29549407696494,18.29549407696494,430.20376567389553
US,Fabric DurkeeSox,1000.0,Round Duct Dia.,20.0,8.0,100.0,1000.0,458.3662361046586,0.03365905612390532,20.0,50.46797218909826,8.0,356.6618435263431
US,Fabric DurkeeSox,1000.0,Round Duct Dia.,20.0,12.0,100.0,1000.0,458.3662361046586,0.03365905612390532,20.0,29.26891314732842,12.0,409.99130851209367
US,Fabric DurkeeSox,1000.0,"Rect. Duct, W x H",8.0,0.0,100.0,1000.0,2397.291966098803,2.859076514880999,8.745322718638631,8.0,8.0,2250.0
US,Fabric DurkeeSox,1000.0,"Rect. Duct, W x H",8.0,8.0,100.0,1000.0,2397.291966098803,2.859076514880999,8.745322718638631,8.0,8.0,2250.0
US,Fabric DurkeeSox,1000.0,"Rect. Duct, W x H",8.0,12.0,100.0,1000.0,1614.5885289131124,0.982822828787815,10.656273883481354,8.0,12.0,1500.0
US,Fabric DurkeeSox,1000.0,"Rect. Duct, W x H",12.0,0.0,100.0,1000.0,1065.4630960439124,0.32112470564860685,13.117984077957948,12.0,12.0,1000.0
US,Fabric DurkeeSox,1000.0,"Rect. Duct, W x H",12.0,8.0,100.0,1000.0,1614.5885289131124,0.982822828787815,10.656273883481354,12.0,8.0,1500.0
US,Fabric DurkeeSox,1000.0,"Rect. Duct, W x H",12.0,12.0,100.0,1000.0,1065.4630960439124,0.32112470564860685,13.117984077957948,12.0,12.0,1000.0
US,Fabric DurkeeSox,1000.0,"Rect. Duct, W x H",20.0,0.0,100.0,1000.0,383.56671457580865,0.020958910923582333,21.863306796596575,20.0,20.0,360.0
US,Fabric DurkeeSox,1000.0,"Rect. Duct, W x H",20.0,8.0,100.0,1000.0,1008.8229265401075,0.277318093683904,13.481208751340962,20.0,8.0,900.0
US,Fabric DurkeeSox,1000.0,"Rect. Duct, W x H",20.0,12.0,100.0,1000.0,649.6760292601409,0.08533335576632534,16.799172275102524,20.0,12.0,600.0
US,Flex,125.0,Air Velocity,600.0,0.0,100.0,125.0,600.0000000000001,0.1942368145926675,6.180387232371033,5.653661900159698,5.653661900159698,563.135412411573
US,Flex,125.0,Air Velocity,600.0,8.0,100.0,125.0,600.0000000000001,0.1942368145926675,6.180387232371033,4.106077344064886,8.0,547.9682459591888
US,Flex,125.0,Air Velocity,600.0,12.0,100.0,125.0,600.0000000000001,0.1942368145926675,6.180387232371033,2.9809167336986633,12.0,503.20090562839346
US,Flex,125.0,Air Velocity,900.0,0.0,100.0,125.0,899.9999999999999,0.5695005441554757,5.046265044040321,4.616195611201745,4.616195611201745,844.7031186173595
US,Flex,125.0,Air Velocity,900.0,8.0,100.0,125.0,899.9999999999999,0.5695005441554757,5.046265044040321,2.8403368755035667,8.0,792.1595566374833
US,Flex,125.0,Air Velocity,900.0,12.0,100.0,125.0,899.9999999999999,0.5695005441554757,5.046265044040321,2.1037561465629273,12.0,713.0103945035021
US,Flex,125.0,Air Velocity,1400.0,0.0,100.0,125.0,1400.0000000000002,1.8524159974696484,4.046013188068413,3.7011905158813834,3.7011905158813834,1313.9826289603373
US,Flex,125.0,Air Velocity,1400.0,8.0,100.0,125.0,1400.0000000000002,1.8524159974696484,4.046013188068413,1.9255084321871805,8.0,1168.5225379378007
US,Flex,125.0,Air Velocity,1400.0,12.0,100.0,125.0,1400.0000000000002,1.8524159974696484,4.046013188068413,1.4495603315995693,12.0,1034.7965291963883
US,Flex,125.0,Friction Loss,0.05,0.0,100.0,125.0,358.2809788484465,0.05,7.997963831604395,7.3163349954449,7.3163349954449,336.26784463840335
US,Flex,125.0,Friction Loss,0.05,8.0,100.0,125.0,358.2809788484465,0.05,7.997963831604395,6.704149880802518,8.0,335.61302178564426
US,Flex,125.0,Friction Loss,0.05,12.0,100.0,125.0,358.2809788484465,0.05,7.997963831604395,4.70323554970557,12.0,318.92938045467497
US,Flex,125.0,Friction Loss,0.1,0.0,100.0,125.0,466.5200946594605,0.1,7.00900119988524,6.411656996897029,6.411656996897029,437.85664317390217
US,Flex,125.0,Friction Loss,0.1,8.0,100.0,125.0,466.5200946594605,0.1,7.00900119988524,5.198247757959889,8.0,432.83816100428385
US,Flex,125.0,Friction Loss,0.1,12.0,100.0,125.0,466.5200946594605,0.1,7.00900119988524,3.71619191918909,12.0,403.6390026722072
US,Flex,125.0,Friction Loss,0.2,0.0,100.0,125.0,606.6707418951551,0.2,6.1463146093231575,5.622493126501745,5.622493126501745,569.3962973919386
US,Flex,125.0,Friction Loss,0.2,8.0,100.0,125.0,606.6707418951551,0.2,6.1463146093231575,4.064293530640077,8.0,553.6017472747969
US,Flex,125.0,Friction Loss,0.2,12.0,100.0,125.0,606.6707418951551,0.2,6.1463146093231575,2.952416347438076,12.0,508.0584251952158
US,Flex,125.0,Round Duct Dia.,6.0,0.0,100.0,125.0,636.6197723675814,0.22719544810534467,6.0,5.4886482230894815,5.4886482230894815,597.5052301026327
US,Flex,125.0,Round Duct Dia.,6.0,8.0,100.0,125.0,636.6197723675814,0.22719544810534467,6.0,3.887587124535006,8.0,578.7651640782512
US,Flex,125.0,Round Duct Dia.,6.0,12.0,100.0,125.0,636.6197723675814,0.22719544810534467,6.0,2.831562509002841,12.0,529.7428523053294
US,Flex,125.0,Round Duct Dia.,14.0,0.0,100.0,125.0,116.93016227159659,0.0027683894257494106,14.0,12.806845853875457,12.806845853875457,109.7458585902795
US,Flex,125.0,Round Duct Dia.,14.0,8.0,100.0,125.0,116.93016227159659,0.0027683894257494106,14.0,21.774153174028925,8.0,103.33352493743283
US,Flex,125.0,Round Duct Dia.,14.0,12.0,100.0,125.0,116.93016227159659,0.0027683894257494106,14.0,13.682648508471827,12.0,109.6278983612896
US,Flex,125.0,Round Duct Dia.,20.0,0.0,100.0,125.0,57.29577951308232,0.0004590090480794898,20.0,18.29549407696494,18.29549407696494,53.77547070923694
US,Flex,125.0,Round Duct Dia.,20.0,8.0,100.0,125.0,57.29577951308232,0.0004590090480794898,20.0,50.46797218909826,8.0,44.582730440792886
US,Flex,125.0,Round Duct Dia.,20.0,12.0,100.0,125.0,57.29577951308232,0.0004590090480794898,20.0,29.26891314732842,12.0,51.24891356401171
US,Flex,125.0,"Rect. Duct, W x H",8.0,0.0,100.0,125.0,299.6614957623504,0.03134407100580314,8.745322718638631,8.0,8.0,281.25
US,Flex,125.0,"Rect. Duct, W x H",8.0,8.0,100.0,125.0,299.6614957623504,0.03134407100580314,8.745322718638631,8.0,8.0,281.25
US,Flex,125.0,"Rect. Duct, W x H",8.0,12.0,100.0,125.0,201.82356611413906,0.011230183868546434,10.656273883481354,8.0,12.0,187.5
US,Flex,125.0,"Rect. Duct, W x H",12.0,0.0,100.0,125.0,133.18288700548905,0.003858374859971733,13.117984077957948,12.0,12.0,125.0
US,Flex,125.0,"Rect. Duct, W x H",12.0,8.0,100.0,125.0,201.82356611413906,0.011230183868546434,10.656273883481354,12.0,8.0,187.5
US,Flex,125.0,"Rect. Duct, W x H",12.0,12.0,100.0,125.0,133.18288700548905,0.003858374859971733,13.117984077957948,12.0,12.0,125.0
US,Flex,125.0,"Rect. Duct, W x H",20.0,0.0,100.0,125.0,47.94583932197608,0.00029481156288566,21.863306796596575,20.0,20.0,45.0
US,Flex,125.0,"Rect. Duct, W x H",20.0,8.0,100.0,125.0,126.10286581751343,0.0033560191707685517,13.481208751340962,20.0,8.0,112.5
US,Flex,125.0,"Rect. Duct, W x H",20.0,12.0,100.0,125.0,81.20950365751762,0.0010997875557517674,16.799172275102524,20.0,12.0,75.0
US,Flex,1000.0,Air Velocity,600.0,0.0,100.0,1000.0,599.9999999999999,0.04846250702586427,17.480774889473267,15.990970672555777,15.990970672555777,563.135412411573
US,Flex,1000.0,Air Velocity,600.0,8.0,100.0,1000.0,599.9999999999999,0.04846250702586427,17.480774889473267,36.46860361157728,8.0,493.5752460312394
US,Flex,1000.0,Air Velocity,600.0,12.0,100.0,1000.0,599.9999999999999,0.04846250702586427,17.480774889473267,21.780842137954778,12.0,550.9428847605982
US,Flex,1000.0,Air Velocity,900.0,0.0,100.0,1000.0,900.0,0.1405041052506024,14.27299292922217,13.056572879857333,13.056572879857333,844.7031186173595
US,Flex,1000.0,Air Velocity,900.0,8.0,100.0,1000.0,900.0,0.1405041052506024,14.27299292922217,22.748614489106604,8.0,791.2569800072648
US,Flex,1000.0,Air Velocity,900.0,12.0,100.0,1000.0,900.0,0.1405041052506024,14.27299292922217,14.232004088308143,12.0,843.1700781942737
US,Flex,1000.0,Air Velocity,1400.0,0.0,100.0,1000.0,1400.0000000000002,0.45089699710982806,11.443853448213506,10.46854764897225,10.46854764897225,1313.982628960337
US,Flex,1000.0,Air Velocity,1400.0,8.0,100.0,1000.0,1400.0000000000002,0.45089699710982806,11.443853448213506,13.963613801899804,8.0,1289.0645828052786
US,Flex,1000.0,Air Velocity,1400.0,12.0,100.0,1000.0,1400.0000000000002,0.45089699710982806,11.443853448213506,9.17368004035522,12.0,1308.0900954918568
US,Flex,1000.0,Friction Loss,0.05,0.0,100.0,1000.0,607.200484578032,0.05,17.376817926606165,15.895873472636064,15.895873472636064,569.8934921655949
US,Flex,1000.0,Friction Loss,0.05,8.0,100.0,1000.0,607.200484578032,0.05,17.376817926606165,35.95463958149894,8.0,500.6308006286399
US,Flex,1000.0,Friction Loss,0.05,12.0,100.0,1000.0,607.200484578032,0.05,17.376817926606165,21.50274788505254,12.0,558.0682089632694
US,Flex,1000.0,Friction Loss,0.1,0.0,100.0,1000.0,790.8397698962034,0.1,15.226218398096936,13.928559425847855,13.928559425847855,742.2497999532865
US,Flex,1000.0,Friction Loss,0.1,8.0,100.0,1000.0,790.8397698962034,0.1,15.226218398096936,26.379605159353904,8.0,682.3453153019391
US,Flex,1000.0,Friction Loss,0.1,12.0,100.0,1000.0,790.8397698962034,0.1,15.226218398096936,16.260243153158463,12.0,737.9963440257083
US,Flex,1000.0,Friction Loss,0.2,0.0,100.0,1000.0,1029.0838316060892,0.2,13.347838026538618,12.210264577741233,12.210264577741233,965.8559131959613
US,Flex,1000.0,Friction Loss,0.2,8.0,100.0,1000.0,1029.0838316060892,0.2,13.347838026538618,19.560060934600266,8.0,920.2425319728613
US,Flex,1000.0,Friction Loss,0.2,12.0,100.0,1000.0,1029.0838316060892,0.2,13.347838026538618,12.425154683376588,12.0,965.7827452284844
US,Flex,1000.0,Round Duct Dia.,6.0,0.0,100.0,1000.0,5092.958178940651,14.02062880036326,6.0,5.4886482230894815,5.4886482230894815,4780.041840821062
US,Flex,1000.0,Round Duct Dia.,6.0,8.0,100.0,1000.0,5092.958178940651,14.02062880036326,6.0,3.887587124535006,8.0,4630.12131262601
US,Flex,1000.0,Round Duct Dia.,6.0,12.0,100.0,1000.0,5092.958178940651,14.02062880036326,6.0,2.831562509002841,12.0,4237.942818442635
US,Flex,1000.0,Round Duct Dia.,14.0,0.0,100.0,1000.0,935.4412981727727,0.1555436374004193,14.0,12.806845853875457,12.806845853875457,877.966868722236
US,Flex,1000.0,Round Duct Dia.,14.0,8.0,100.0,1000.0,935.4412981727727,0.1555436374004193,14.0,21.774153174028925,8.0,826.6681994994626
US,Flex,1000.0,Round Duct Dia.,14.0,12.0,100.0,1000.0,935.4412981727727,0.1555436374004193,14.0,13.682648508471827,12.0,877.0231868903168
US,Flex,1000.0,Round Duct Dia.,20.0,0.0,100.0,1000.0,458.3662361046586,0.023982737302167424,20.0,18.29549407696494,18.29549407696494,430.20376567389553
US,Flex,1000.0,Round Duct Dia.,20.0,8.0,100.0,1000.0,458.3662361046586,0.023982737302167424,20.0,50.46797218909826,8.0,356.6618435263431
US,Flex,1000.0,Round Duct Dia.,20.0,12.0,100.0,1000.0,458.3662361046586,0.023982737302167424,20.0,29.26891314732842,12.0,409.99130851209367
US,Flex,1000.0,"Rect. Duct, W x H",8.0,0.0,100.0,1000.0,2397.291966098803,1.8779852414886646,8.745322718638631,8.0,8.0,2250.0
US,Flex,1000.0,"Rect. Duct, W x H",8.0,8.0,100.0,1000.0,2397.291966098803,1.8779852414886646,8.745322718638631,8.0,8.0,2250.0
US,Flex,1000.0,"Rect. Duct, W x H",8.0,12.0,100.0,1000.0,1614.5885289131124,0.6577211471864393,10.656273883481354,8.0,12.0,1500.0
US,Flex,1000.0,"Rect. Duct, W x H",12.0,0.0,100.0,1000.0,1065.4630960439124,0.21918762561007513,13.117984077957948,12.0,12.0,1000.0
US,Flex,1000.0,"Rect. Duct, W x H",12.0,8.0,100.0,1000.0,1614.5885289131124,0.6577211471864393,10.656273883481354,12.0,8.0,1500.0
US,Flex,1000.0,"Rect. Duct, W x H",12.0,12.0,100.0,1000.0,1065.4630960439124,0.21918762561007513,13.117984077957948,12.0,12.0,1000.0
US,Flex,1000.0,"Rect. Duct, W x H",20.0,0.0,100.0,1000.0,383.56671457580865,0.015083209215990996,21.863306796596575,20.0,20.0,360.0
US,Flex,1000.0,"Rect. Duct, W x H",20.0,8.0,100.0,1000.0,1008.8229265401075,0.1897862317072267,13.481208751340962,20.0,8.0,900.0
US,Flex,1000.0,"Rect. Duct, W x H",20.0,12.0,100.0,1000.0,649.6760292601409,0.05968905010696709,16.799172275102524,20.0,12.0,600.0
US,Metal,125.0,Air Velocity,600.0,0.0,100.0,125.0,600.0000000000001,0.10648765923367516,6.180387232371033,5.653661900159698,5.653661900159698,563.135412411573
US,Metal,125.0,Air Velocity,600.0,8.0,100.0,125.0,600.0000000000001,0.10648765923367516,6.180387232371033,4.106077344064886,8.0,547.9682459591888
US,Metal,125.0,Air Velocity,600.0,12.0,100.0,125.0,600.0000000000001,0.10648765923367516,6.180387232371033,2.9809167336986633,12.0,503.20090562839346
US,Metal,125.0,Air Velocity,900.0,0.0,100.0,125.0,899.9999999999999,0.2870043384632557,5.046265044040321,4.616195611201745,4.616195611201745,844.7031186173595
US,Metal,125.0,Air Velocity,900.0,8.0,100.0,125.0,899.9999999999999,0.2870043384632557,5.046265044040321,2.8403368755035667,8.0,792.1595566374833
US,Metal,125.0,Air Velocity,900.0,12.0,100.0,125.0,899.9999999999999,0.2870043384632557,5.046265044040321,2.1037561465629273,12.0,713.0103945035021
US,Metal,125.0,Air Velocity,1400.0,0.0,100.0,125.0,1400.0000000000002,0.8538345442738464,4.046013188068413,3.7011905158813834,3.7011905158813834,1313.9826289603373
US,Metal,125.0,Air Velocity,1400.0,8.0,100.0,125.0,1400.0000000000002,0.8538345442738464,4.046013188068413,1.9255084321871805,8.0,1168.5225379378007
US,Metal,125.0,Air Velocity,1400.0,12.0,100.0,125.0,1400.0000000000002,0.8538345442738464,4.046013188068413,1.4495603315995693,12.0,1034.7965291963883
US,Metal,125.0,Friction Loss,0.05,0.0,100.0,125.0,439.5087106264883,0.05,7.221169987523239,6.605743636774419,6.605743636774419,412.50486502854363
US,Metal,125.0,Friction Loss,0.05,8.0,100.0,125.0,439.5087106264883,0.05,7.221169987523239,5.502172769196469,8.0,408.92936197795683
US,Metal,125.0,Friction Loss,0.05,12.0,100.0,125.0,439.5087106264883,0.05,7.221169987523239,3.917724508130009,12.0,382.87531368967376
US,Metal,125.0,Friction Loss,0.1,0.0,100.0,125.0,584.709130236121,0.1,6.260678093681603,5.727109949036796,5.727109949036796,548.7840286605502
US,Metal,125.0,Friction Loss,0.1,8.0,100.0,125.0,584.709130236121,0.1,6.260678093681603,4.205493718184131,8.0,535.0144717304479
US,Metal,125.0,Friction Loss,0.1,12.0,100.0,125.0,584.709130236121,0.1,6.260678093681603,3.0486120924782885,12.0,492.0271764652796
US,Metal,125.0,Friction Loss,0.2,0.0,100.0,125.0,776.7146959246674,0.2,5.432009873782648,4.969065223590275,4.969065223590275,728.9925843594451
US,Metal,125.0,Friction Loss,0.2,8.0,100.0,125.0,776.7146959246674,0.2,5.432009873782648,3.242522822677829,8.0,693.9041366999056
US,Metal,125.0,Friction Loss,0.2,12.0,100.0,125.0,776.7146959246674,0.2,5.432009873782648,2.3857167124109835,12.0,628.7418754274953
US,Metal,125.0,Round Duct Dia.,6.0,0.0,100.0,125.0,636.6197723675814,0.12302634669655646,6.0,5.4886482230894815,5.4886482230894815,597.5052301026327
US,Metal,125.0,Round Duct Dia.,6.0,8.0,100.0,125.0,636.6197723675814,0.12302634669655646,6.0,3.887587124535006,8.0,578.7651640782512
US,Metal,125.0,Round Duct Dia.,6.0,12.0,100.0,125.0,636.6197723675814,0.12302634669655646,6.0,2.831562509002841,12.0,529.7428523053294
US,Metal,125.0,Round Duct Dia.,14.0,0.0,100.0,125.0,116.93016227159659,0.0020821728238411687,14.0,12.806845853875457,12.806845853875457,109.7458585902795
US,Metal,125.0,Round Duct Dia.,14.0,8.0,100.0,125.0,116.93016227159659,0.0020821728238411687,14.0,21.774153174028925,8.0,103.33352493743283
US,Metal,125.0,Round Duct Dia.,14.0,12.0,100.0,125.0,116.93016227159659,0.0020821728238411687,14.0,13.682648508471827,12.0,109.6278983612896
US,Metal,125.0,Round Duct Dia.,20.0,0.0,100.0,125.0,57.29577951308232,0.000382317670487705,20.0,18.29549407696494,18.29549407696494,53.77547070923694
US,Metal,125.0,Round Duct Dia.,20.0,8.0,100.0,125.0,57.29577951308232,0.000382317670487705,20.0,50.46797218909826,8.0,44.582730440792886
US,Metal,125.0,Round Duct Dia.,20.0,12.0,100.0,125.0,57.29577951308232,0.000382317670487705,20.0,29.26891314732842,12.0,51.24891356401171
US,Metal,125.0,"Rect. Duct, W x H",8.0,0.0,100.0,125.0,299.6614957623504,0.019826909843826755,8.745322718638631,8.0,8.0,281.25
US,Metal,125.0,"Rect. Duct, W x H",8.0,8.0,100.0,125.0,299.6614957623504,0.019826909843826755,8.745322718638631,8.0,8.0,281.25
US,Metal,125.0,"Rect. Duct, W x H",8.0,12.0,100.0,125.0,201.82356611413906,0.0076720397547732355,10.656273883481354,8.0,12.0,187.5
US,Metal,125.0,"Rect. Duct, W x H",12.0,0.0,100.0,125.0,133.18288700548905,0.0028398156699441604,13.117984077957948,12.0,12.0,125.0
US,Metal,125.0,"Rect. Duct, W x H",12.0,8.0,100.0,125.0,201.82356611413906,0.0076720397547732355,10.656273883481354,12.0,8.0,187.5
US,Metal,125.0,"Rect. Duct, W x H",12.0,12.0,100.0,125.0,133.18288700548905,0.0028398156699441604,13.117984077957948,12.0,12.0,125.0
US,Metal,125.0,"Rect. Duct, W x H",20.0,0.0,100.0,125.0,47.94583932197608,0.0002507282795460838,21.863306796596575,20.0,20.0,45.0
US,Metal,125.0,"Rect. Duct, W x H",20.0,8.0,100.0,125.0,126.10286581751343,0.0024928890421225484,13.481208751340962,20.0,8.0,112.5
US,Metal,125.0,"Rect. Duct, W x H",20.0,12.0,100.0,125.0,81.20950365751762,0.0008746420293521751,16.799172275102524,20.0,12.0,75.0
US,Metal,1000.0,Air Velocity,600.0,0.0,100.0,1000.0,599.9999999999999,0.029403967354117835,17.480774889473267,15.990970672555777,15.990970672555777,563.135412411573
US,Metal,1000.0,Air Velocity,600.0,8.0,100.0,1000.0,599.9999999999999,0.029403967354117835,17.480774889473267,36.46860361157728,8.0,493.5752460312394
US,Metal,1000.0,Air Velocity,600.0,12.0,100.0,1000.0,599.9999999999999,0.029403967354117835,17.480774889473267,21.780842137954778,12.0,550.9428847605982
US,Metal,1000.0,Air Velocity,900.0,0.0,100.0,1000.0,900.0,0.07930916030156969,14.27299292922217,13.056572879857333,13.056572879857333,844.7031186173595
US,Metal,1000.0,Air Velocity,900.0,8.0,100.0,1000.0,900.0,0.07930916030156969,14.27299292922217,22.748614489106604,8.0,791.2569800072648
US,Metal,1000.0,Air Velocity,900.0,12.0,100.0,1000.0,900.0,0.07930916030156969,14.27299292922217,14.232004088308143,12.0,843.1700781942737
US,Metal,1000.0,Air Velocity,1400.0,0.0,100.0,1000.0,1400.0000000000002,0.2357893782990103,11.443853448213506,10.46854764897225,10.46854764897225,1313.982628960337
US,Metal,1000.0,Air Velocity,1400.0,8.0,100.0,1000.0,1400.0000000000002,0.2357893782990103,11.443853448213506,13.963613801899804,8.0,1289.0645828052786
US,Metal,1000.0,Air Velocity,1400.0,12.0,100.0,1000.0,1400.0000000000002,0.2357893782990103,11.443853448213506,9.17368004035522,12.0,1308.0900954918568
US,Metal,1000.0,Friction Loss,0.05,0.0,100.0,1000.0,745.6241973764606,0.05,15.681092209437416,14.344666481905163,14.344666481905163,699.8123164894022
US,Metal,1000.0,Friction Loss,0.05,8.0,100.0,1000.0,745.6241973764606,0.05,15.681092209437416,28.241258991813236,8.0,637.3653527704965
US,Metal,1000.0,Friction Loss,0.05,12.0,100.0,1000.0,745.6241973764606,0.05,15.681092209437416,17.290220951375584,12.0,694.0339301473934
US,Metal,1000.0,Friction Loss,0.1,0.0,100.0,1000.0,989.016632233211,0.1,13.615528632196817,12.455141172255171,12.455141172255171,928.2504817909235
US,Metal,1000.0,Friction Loss,0.1,8.0,100.0,1000.0,989.016632233211,0.1,13.615528632196817,20.449699801892912,8.0,880.208520143354
US,Metal,1000.0,Friction Loss,0.1,12.0,100.0,1000.0,989.016632233211,0.1,13.615528632196817,12.932065904575417,12.0,927.9259855731443
US,Metal,1000.0,Friction Loss,0.2,0.0,100.0,1000.0,1309.915130209499,0.2,11.830816711360146,10.822531853417368,10.822531853417368,1229.4326617911424
US,Metal,1000.0,Friction Loss,0.2,8.0,100.0,1000.0,1309.915130209499,0.2,11.830816711360146,15.001125581643826,8.0,1199.9099602249685
US,Metal,1000.0,Friction Loss,0.2,12.0,100.0,1000.0,1309.915130209499,0.2,11.830816711360146,9.785965399107228,12.0,1226.2459052935908
US,Metal,1000.0,Round Duct Dia.,6.0,0.0,100.0,1000.0,5092.958178940651,6.034635311097842,6.0,5.4886482230894815,5.4886482230894815,4780.041840821062
US,Metal,1000.0,Round Duct Dia.,6.0,8.0,100.0,1000.0,5092.958178940651,6.034635311097842,6.0,3.887587124535006,8.0,4630.12131262601
US,Metal,1000.0,Round Duct Dia.,6.0,12.0,100.0,1000.0,5092.958178940651,6.034635311097842,6.0,2.831562509002841,12.0,4237.942818442635
US,Metal,1000.0,Round Duct Dia.,14.0,0.0,100.0,1000.0,935.4412981727727,0.08720280054830805,14.0,12.806845853875457,12.806845853875457,877.966868722236
US,Metal,1000.0,Round Duct Dia.,14.0,8.0,100.0,1000.0,935.4412981727727,0.08720280054830805,14.0,21.774153174028925,8.0,826.6681994994626
US,Metal,1000.0,Round Duct Dia.,14.0,12.0,100.0,1000.0,935.4412981727727,0.08720280054830805,14.0,13.682648508471827,12.0,877.0231868903168
US,Metal,1000.0,Round Duct Dia.,20.0,0.0,100.0,1000.0,458.3662361046586,0.015267667294041718,20.0,18.29549407696494,18.29549407696494,430.20376567389553
US,Metal,1000.0,Round Duct Dia.,20.0,8.0,100.0,1000.0,458.3662361046586,0.015267667294041718,20.0,50.46797218909826,8.0,356.6618435263431
US,Metal,1000.0,Round Duct Dia.,20.0,12.0,100.0,1000.0,458.3662361046586,0.015267667294041718,20.0,29.26891314732842,12.0,409.99130851209367
US,Metal,1000.0,"Rect. Duct, W x H",8.0,0.0,100.0,1000.0,2397.291966098803,0.9002308162314083,8.745322718638631,8.0,8.0,2250.0
US,Metal,1000.0,"Rect. Duct, W x H",8.0,8.0,100.0,1000.0,2397.291966098803,0.9002308162314083,8.745322718638631,8.0,8.0,2250.0
US,Metal,1000.0,"Rect. Duct, W x H",8.0,12.0,100.0,1000.0,1614.5885289131124,0.3358518477264913,10.656273883481354,8.0,12.0,1500.0
US,Metal,1000.0,"Rect. Duct, W x H",12.0,0.0,100.0,1000.0,1065.4630960439124,0.12011570036702222,13.117984077957948,12.0,12.0,1000.0
US,Metal,1000.0,"Rect. Duct, W x H",12.0,8.0,100.0,1000.0,1614.5885289131124,0.3358518477264913,10.656273883481354,12.0,8.0,1500.0
US,Metal,1000.0,"Rect. Duct, W x H",12.0,12.0,100.0,1000.0,1065.4630960439124,0.12011570036702222,13.117984077957948,12.0,12.0,1000.0
US,Metal,1000.0,"Rect. Duct, W x H",20.0,0.0,100.0,1000.0,383.56671457580865,0.009909178249448307,21.863306796596575,20.0,20.0,360.0
US,Metal,1000.0,"Rect. Duct, W x H",20.0,8.0,100.0,1000.0,1008.8229265401075,0.10499966989349042,13.481208751340962,20.0,8.0,900.0
US,Metal,1000.0,"Rect. Duct, W x H",20.0,12.0,100.0,1000.0,649.6760292601409,0.03570377813770877,16.799172275102524,20.0,12.0,600.0
Metric,Duct board,59.0,Air Velocity,3.0,0.0,30.0,59.0,3.0,31.560046626843945,15.824151702384018,14.475533687198073,14.475533687198073,2.815677062057865
Metric,Duct board,59.0,Air Velocity,3.0,20.0,30.0,59.0,3.0,31.560046626843945,15.824151702384018,10.729961035452957,20.0,2.749311008572614
Metric,Duct board,59.0,Air Velocity,3.0,30.0,30.0,59.0,3.0,31.560046626843945,15.824151702384018,7.768437758251226,30.0,2.531611538411111
Metric,Duct board,59.0,Air Velocity,4.5,0.0,30.0,59.0,4.499999999999999,89.22811513945611,12.920365761078207,11.819223762701347,11.819223762701347,4.223515593086796
Metric,Duct board,59.0,Air Velocity,4.5,20.0,30.0,59.0,4.499999999999999,89.22811513945611,12.920365761078207,7.410875103791111,20.0,3.9806365082626995
Metric,Duct board,59.0,Air Velocity,4.5,30.0,30.0,59.0,4.499999999999999,89.22811513945611,12.920365761078207,5.477606090045276,30.0,3.5903762229194527
Metric,Duct board,59.0,Air Velocity,7.0,0.0,30.0,59.0,7.000000000000002,279.94946614695414,10.359338997805581,9.476461263781195,9.476461263781195,6.569913144801687
Metric,Duct board,59.0,Air Velocity,7.0,20.0,30.0,59.0,7.000000000000002,279.94946614695414,10.359338997805581,5.017526315601374,20.0,5.879391186170651
Metric,Duct board,59.0,Air Velocity,7.0,30.0,30.0,59.0,7.000000000000002,279.94946614695414,10.359338997805581,3.7715607417303127,30.0,5.214463722303647
Metric,Duct board,59.0,Friction Loss,10.0,0.0,30.0,59.0,1.9065891093620582,9.999999999999998,19.849634354368963,18.15794338801386,18.15794338801386,1.7894464073333602
Metric,Duct board,59.0,Friction Loss,10.0,20.0,30.0,59.0,1.9065891093620582,9.999999999999998,19.849634354368963,16.523108367495055,20.0,1.7853783525598392
Metric,Duct board,59.0,Friction Loss,10.0,30.0,30.0,59.0,1.9065891093620582,9.999999999999998,19.849634354368963,11.604592915686156,30.0,1.6947312850271143
Metric,Duct board,59.0,Friction Loss,20.0,0.0,30.0,59.0,2.507655120173332,19.999999999999996,17.308010955084768,15.832930595639883,15.832930595639883,2.3535823338080033
Metric,Duct board,59.0,Friction Loss,20.0,20.0,30.0,59.0,2.507655120173332,19.999999999999996,17.308010955084768,12.695551302219105,20.0,2.323648598952107
Metric,Duct board,59.0,Friction Loss,20.0,30.0,30.0,59.0,2.507655120173332,19.999999999999996,17.308010955084768,9.090628291098014,30.0,2.1634001561229717
Metric,Duct board,59.0,Friction Loss,40.0,0.0,30.0,59.0,3.2917581125486812,39.99999999999999,15.106613146120198,13.819147566892138,13.819147566892138,3.0895092704487372
Metric,Duct board,59.0,Friction Loss,40.0,20.0,30.0,59.0,3.2917581125486812,39.99999999999999,15.106613146120198,9.84659120872918,20.0,2.9959606701427535
Metric,Duct board,59.0,Friction Loss,40.0,30.0,30.0,59.0,3.2917581125486812,39.99999999999999,15.106613146120198,7.166326828350815,30.0,2.744316179721771
Metric,Duct board,59.0,Round Duct Dia.,15.0,0.0,30.0,59.0,3.33871702800084,41.475274687464065,15.0,13.721620557723705,13.721620557723705,3.1335829841479903
Metric,Duct board,59.0,Round Duct Dia.,15.0,20.0,30.0,59.0,3.33871702800084,41.475274687464065,15.0,9.718967811337514,20.0,3.035301749010141
Metric,Duct board,59.0,Round Duct Dia.,15.0,30.0,30.0,59.0,3.33871702800084,41.475274687464065,15.0,7.078906272507103,30.0,2.7782069584108364
Metric,Duct board,59.0,Round Duct Dia.,35.0,0.0,30.0,59.0,0.6132337398368891,0.598916450639635,35.0,32.01711463468864,32.01711463468864,0.5755560583128962
Metric,Duct board,59.0,Round Duct Dia.,35.0,20.0,30.0,59.0,0.6132337398368891,0.598916450639635,35.0,54.43538293507228,20.0,0.5419269307154888
Metric,Duct board,59.0,Round Duct Dia.,35.0,30.0,30.0,59.0,0.6132337398368891,0.598916450639635,35.0,34.20662127117956,30.0,0.5749374224453819
Metric,Duct board,59.0,Round Duct Dia.,50.0,0.0,30.0,59.0,0.30048453252007556,0.10609439603341773,50.0,45.73873519241235,45.73873519241235,0.2820224685733191
Metric,Duct board,59.0,Round Duct Dia.,50.0,20.0,30.0,59.0,0.30048453252007556,0.10609439603341773,50.0,126.16993047274565,20.0,0.2338116529492612
Metric,Duct board,59.0,Round Duct Dia.,50.0,30.0,30.0,59.0,0.30048453252007556,0.10609439603341773,50.0,73.17228286832102,30.0,0.26877207999112157
Metric,Duct board,59.0,"Rect. Duct, W x H",20.0,0.0,30.0,59.0,1.571558066469047,6.152533847603755,21.863306796596575,20.0,20.0,1.474999999816301
Metric,Duct board,59.0,"Rect. Duct, W x H",20.0,20.0,30.0,59.0,1.571558066469047,6.152533847603755,21.863306796596575,20.0,20.0,1.474999999816301
Metric,Duct board,59.0,"Rect. Duct, W x H",20.0,30.0,30.0,59.0,1.0584524799334416,2.2964588444446963,26.640684708703382,20.0,30.0,0.9833333332108674
Metric,Duct board,59.0,"Rect. Duct, W x H",30.0,0.0,30.0,59.0,0.6984702517640206,0.8237806414957033,32.79496019489487,30.0,30.0,0.6555555554739115
Metric,Duct board,59.0,"Rect. Duct, W x H",30.0,20.0,30.0,59.0,1.0584524799334416,2.2964588444446963,26.640684708703382,30.0,20.0,0.9833333332108674
Metric,Duct board,59.0,"Rect. Duct, W x H",30.0,30.0,30.0,59.0,0.6984702517640206,0.8237806414957033,32.79496019489487,30.0,30.0,0.6555555554739115
Metric,Duct board,59.0,"Rect. Duct, W x H",50.0,0.0,30.0,59.0,0.2514492906350474,0.0691235448855134,54.658266991491445,50.0,50.0,0.2359999999706082
Metric,Duct board,59.0,"Rect. Duct, W x H",50.0,20.0,30.0,59.0,0.6613394739828172,0.7205256715869568,33.70302187835241,50.0,20.0,0.5899999999265204
Metric,Duct board,59.0,"Rect. Duct, W x H",50.0,30.0,30.0,59.0,0.425898730239717,0.24649719572363624,41.99793068775631,50.0,30.0,0.393333333284347
Metric,Duct board,472.0,Air Velocity,3.0,0.0,30.0,472.0,3.0000000000000004,8.375725059915734,44.75745990112155,40.94299212604825,40.94299212604825,2.8156770620578655
Metric,Duct board,472.0,Air Velocity,3.0,20.0,30.0,472.0,3.0000000000000004,8.375725059915734,44.75745990112155,96.51608064219704,20.0,2.4451883914091352
Metric,Duct board,472.0,Air Velocity,3.0,30.0,30.0,472.0,3.0000000000000004,8.375725059915734,44.75745990112155,57.33671597650357,30.0,2.74402414986958
Metric,Duct board,472.0,Air Velocity,4.5,0.0,30.0,472.0,4.499999999999999,23.543358768268114,36.54431298027555,33.42981308386921,33.42981308386921,4.2235155930867965
Metric,Duct board,472.0,Air Velocity,4.5,20.0,30.0,472.0,4.499999999999999,23.543358768268114,36.54431298027555,60.05075980071284,20.0,3.9300085586561835
Metric,Duct board,472.0,Air Velocity,4.5,30.0,30.0,472.0,4.499999999999999,23.543358768268114,36.54431298027555,37.36387260928222,30.0,4.210841176956932
Metric,Duct board,472.0,Air Velocity,7.0,0.0,30.0,472.0,6.999999999999999,73.31322906783207,29.300635415834325,26.803480085085297,26.803480085085297,6.569913144801685
Metric,Duct board,472.0,Air Velocity,7.0,20.0,30.0,472.0,6.999999999999999,73.31322906783207,29.300635415834325,36.74918978610976,20.0,6.421910288204777
Metric,Duct board,472.0,Air Velocity,7.0,30.0,30.0,472.0,6.999999999999999,73.31322906783207,29.300635415834325,24.021444556629874,30.0,6.549703242984822
Metric,Duct board,472.0,Friction Loss,10.0,0.0,30.0,472.0,3.2168574741171865,9.999999999999998,43.22252646147186,39.53887384336593,39.53887384336593,3.019210600593721
Metric,Duct board,472.0,Friction Loss,10.0,20.0,30.0,472.0,3.2168574741171865,9.999999999999998,43.22252646147186,88.8107690251064,20.0,2.657335394808844
Metric,Duct board,472.0,Friction Loss,10.0,30.0,30.0,472.0,3.2168574741171865,9.999999999999998,43.22252646147186,53.174217764820256,30.0,2.958827415376284
Metric,Duct board,472.0,Friction Loss,20.0,0.0,30.0,472.0,4.222036408216185,19.999999999999996,37.72811190470093,34.51272239437632,34.51272239437632,3.96263035659583
Metric,Duct board,472.0,Friction Loss,20.0,20.0,30.0,472.0,4.222036408216185,19.999999999999996,37.72811190470093,64.6086488978064,20.0,3.6527617276735973
Metric,Duct board,472.0,Friction Loss,20.0,30.0,30.0,472.0,4.222036408216185,19.999999999999996,37.72811190470093,39.90612847743279,30.0,3.9425857460142235
Metric,Duct board,472.0,Friction Loss,40.0,0.0,30.0,472.0,5.532867102292551,39.99999999999999,32.957247940404976,30.14845672433721,30.14845672433721,5.192922329113234
Metric,Duct board,472.0,Friction Loss,40.0,20.0,30.0,472.0,5.532867102292551,39.99999999999999,32.957247940404976,47.56246247471601,20.0,4.961896161202014
Metric,Duct board,472.0,Friction Loss,40.0,30.0,30.0,472.0,5.532867102292551,39.99999999999999,32.957247940404976,30.297832893390144,30.0,5.192890655491835
Metric,Duct board,472.0,Round Duct Dia.,15.0,0.0,30.0,472.0,26.70973622400672,2404.434140126453,15.0,13.721620557723705,13.721620557723705,25.068663873183922
Metric,Duct board,472.0,Round Duct Dia.,15.0,20.0,30.0,472.0,26.70973622400672,2404.434140126453,15.0,9.718967811337514,20.0,24.28241399208113
Metric,Duct board,472.0,Round Duct Dia.,15.0,30.0,30.0,472.0,26.70973622400672,2404.434140126453,15.0,7.078906272507103,30.0,22.22565566728669
Metric,Duct board,472.0,Round Duct Dia.,35.0,0.0,30.0,472.0,4.905869918695113,29.373579867793104,35.0,32.01711463468864,32.01711463468864,4.60444846650317
Metric,Duct board,472.0,Round Duct Dia.,35.0,20.0,30.0,472.0,4.905869918695113,29.373579867793104,35.0,54.43538293507228,20.0,4.3354154457239105
Metric,Duct board,472.0,Round Duct Dia.,35.0,30.0,30.0,472.0,4.905869918695113,29.373579867793104,35.0,34.20662127117956,30.0,4.599499379563055
Metric,Duct board,472.0,Round Duct Dia.,50.0,0.0,30.0,472.0,2.4038762601606045,4.78075111565392,50.0,45.73873519241235,45.73873519241235,2.2561797485865527
Metric,Duct board,472.0,Round Duct Dia.,50.0,20.0,30.0,472.0,2.4038762601606045,4.78075111565392,50.0,126.16993047274565,20.0,1.8704932235940896
Metric,Duct board,472.0,Round Duct Dia.,50.0,30.0,30.0,472.0,2.4038762601606045,4.78075111565392,50.0,73.17228286832102,30.0,2.1501766399289726
Metric,Duct board,472.0,"Rect. Duct, W x H",20.0,0.0,30.0,472.0,12.572464531752376,334.77832179027774,21.863306796596575,20.0,20.0,11.799999998530408
Metric,Duct board,472.0,"Rect. Duct, W x H",20.0,20.0,30.0,472.0,12.572464531752376,334.77832179027774,21.863306796596575,20.0,20.0,11.799999998530408
Metric,Duct board,472.0,"Rect. Duct, W x H",20.0,30.0,30.0,472.0,8.467619839467533,119.92418906275883,26.640684708703382,20.0,30.0,7.866666665686939
Metric,Duct board,472.0,"Rect. Duct, W x H",30.0,0.0,30.0,472.0,5.587762014112164,41.028125096040576,32.79496019489487,30.0,30.0,5.244444443791292
Metric,Duct board,472.0,"Rect. Duct, W x H",30.0,20.0,30.0,472.0,8.467619839467533,119.92418906275883,26.640684708703382,30.0,20.0,7.866666665686939
Metric,Duct board,472.0,"Rect. Duct, W x H",30.0,30.0,30.0,472.0,5.587762014112164,41.028125096040576,32.79496019489487,30.0,30.0,5.244444443791292
Metric,Duct board,472.0,"Rect. Duct, W x H",50.0,0.0,30.0,472.0,2.011594325080379,3.0518436981745345,54.658266991491445,50.0,50.0,1.8879999997648655
Metric,Duct board,472.0,"Rect. Duct, W x H",50.0,20.0,30.0,472.0,5.290715791862538,35.65538643541389,33.70302187835241,50.0,20.0,4.719999999412163
Metric,Duct board,472.0,"Rect. Duct, W x H",50.0,30.0,30.0,472.0,3.407189841917736,11.57418798985495,41.99793068775631,50.0,30.0,3.146666666274776
Metric,Fabric DurkeeSox,59.0,Air Velocity,3.0,0.0,30.0,59.0,3.0,70.25926458617666,15.824151702384018,14.475533687198073,14.475533687198073,2.815677062057865
Metric,Fabric DurkeeSox,59.0,Air Velocity,3.0,20.0,30.0,59.0,3.0,70.25926458617666,15.824151702384018,10.729961035452957,20.0,2.749311008572614
Metric,Fabric DurkeeSox,59.0,Air Velocity,3.0,30.0,30.0,59.0,3.0,70.25926458617666,15.824151702384018,7.768437758251226,30.0,2.531611538411111
Metric,Fabric DurkeeSox,59.0,Air Velocity,4.5,0.0,30.0,59.0,4.499999999999999,211.62161216339592,12.920365761078207,11.819223762701347,11.819223762701347,4.223515593086796
Metric,Fabric DurkeeSox,59.0,Air Velocity,4.5,20.0,30.0,59.0,4.499999999999999,211.62161216339592,12.920365761078207,7.410875103791111,20.0,3.9806365082626995
Metric,Fabric DurkeeSox,59.0,Air Velocity,4.5,30.0,30.0,59.0,4.499999999999999,211.62161216339592,12.920365761078207,5.477606090045276,30.0,3.5903762229194527
Metric,Fabric DurkeeSox,59.0,Air Velocity,7.0,0.0,30.0,59.0,7.000000000000002,708.6828845620613,10.359338997805581,9.476461263781195,9.476461263781195,6.569913144801687
Metric,Fabric DurkeeSox,59.0,Air Velocity,7.0,20.0,30.0,59.0,7.000000000000002,708.6828845620613,10.359338997805581,5.017526315601374,20.0,5.879391186170651
Metric,Fabric DurkeeSox,59.0,Air Velocity,7.0,30.0,30.0,59.0,7.000000000000002,708.6828845620613,10.359338997805581,3.7715607417303127,30.0,5.214463722303647
Metric,Fabric DurkeeSox,59.0,Friction Loss,10.0,0.0,30.0,59.0,1.456051810919682,9.999999999999998,22.713949229071627,20.778146179248118,20.778146179248118,1.3665905617247878
Metric,Fabric DurkeeSox,59.0,Friction Loss,10.0,20.0,30.0,59.0,1.456051810919682,9.999999999999998,22.713949229071627,21.594505784499894,20.0,1.3660882212687886
Metric,Fabric DurkeeSox,59.0,Friction Loss,10.0,30.0,30.0,59.0,1.456051810919682,9.999999999999998,22.713949229071627,14.834879596692598,30.0,1.3257045017474889
Metric,Fabric DurkeeSox,59.0,Friction Loss,20.0,0.0,30.0,59.0,1.8844942955338513,19.999999999999996,19.96565909885105,18.264079889286524,18.264079889286524,1.7687091205045202
Metric,Fabric DurkeeSox,59.0,Friction Loss,20.0,20.0,30.0,59.0,1.8844942955338513,19.999999999999996,19.96565909885105,16.712436325733847,20.0,1.7651525738890539
Metric,Fabric DurkeeSox,59.0,Friction Loss,20.0,30.0,30.0,59.0,1.8844942955338513,19.999999999999996,19.96565909885105,11.72709624558286,30.0,1.6770278210707972
Metric,Fabric DurkeeSox,59.0,Friction Loss,40.0,0.0,30.0,59.0,2.436483097409176,39.99999999999999,17.558983214097868,16.062513669552715,16.062513669552715,2.286783189822238
Metric,Fabric DurkeeSox,59.0,Friction Loss,40.0,20.0,30.0,59.0,2.436483097409176,39.99999999999999,17.558983214097868,13.047063370856396,20.0,2.261045199046172
Metric,Fabric DurkeeSox,59.0,Friction Loss,40.0,30.0,30.0,59.0,2.436483097409176,39.99999999999999,17.558983214097868,9.324691991788647,30.0,2.109095579943646
Metric,Fabric DurkeeSox,59.0,Round Duct Dia.,15.0,0.0,30.0,59.0,3.33871702800084,93.92371919886153,15.0,13.721620557723705,13.721620557723705,3.1335829841479903
Metric,Fabric DurkeeSox,59.0,Round Duct Dia.,15.0,20.0,30.0,59.0,3.33871702800084,93.92371919886153,15.0,9.718967811337514,20.0,3.035301749010141
Metric,Fabric DurkeeSox,59.0,Round Duct Dia.,15.0,30.0,30.0,59.0,3.33871702800084,93.92371919886153,15.0,7.078906272507103,30.0,2.7782069584108364
Metric,Fabric DurkeeSox,59.0,Round Duct Dia.,35.0,0.0,30.0,59.0,0.6132337398368891,1.0018567016336672,35.0,32.01711463468864,32.01711463468864,0.5755560583128962
Metric,Fabric DurkeeSox,59.0,Round Duct Dia.,35.0,20.0,30.0,59.0,0.6132337398368891,1.0018567016336672,35.0,54.43538293507228,20.0,0.5419269307154888
Metric,Fabric DurkeeSox,59.0,Round Duct Dia.,35.0,30.0,30.0,59.0,0.6132337398368891,1.0018567016336672,35.0,34.20662127117956,30.0,0.5749374224453819
Metric,Fabric DurkeeSox,59.0,Round Duct Dia.,50.0,0.0,30.0,59.0,0.30048453252007556,0.15514557917159305,50.0,45.73873519241235,45.73873519241235,0.2820224685733191
Metric,Fabric DurkeeSox,59.0,Round Duct Dia.,50.0,20.0,30.0,59.0,0.30048453252007556,0.15514557917159305,50.0,126.16993047274565,20.0,0.2338116529492612
Metric,Fabric DurkeeSox,59.0,Round Duct Dia.,50.0,30.0,30.0,59.0,0.30048453252007556,0.15514557917159305,50.0,73.17228286832102,30.0,0.26877207999112157
Metric,Fabric DurkeeSox,59.0,"Rect. Duct, W x H",20.0,0.0,30.0,59.0,1.571558066469047,12.273377013438266,21.863306796596575,20.0,20.0,1.474999999816301
Metric,Fabric DurkeeSox,59.0,"Rect. Duct, W x H",20.0,20.0,30.0,59.0,1.571558066469047,12.273377013438266,21.863306796596575,20.0,20.0,1.474999999816301
Metric,Fabric DurkeeSox,59.0,"Rect. Duct, W x H",20.0,30.0,30.0,59.0,1.0584524799334416,4.26174256808787,26.640684708703382,20.0,30.0,0.9833333332108674
Metric,Fabric DurkeeSox,59.0,"Rect. Duct, W x H",30.0,0.0,30.0,59.0,0.6984702517640206,1.4128442662836835,32.79496019489487,30.0,30.0,0.6555555554739115
Metric,Fabric DurkeeSox,59.0,"Rect. Duct, W x H",30.0,20.0,30.0,59.0,1.0584524799334416,4.26174256808787,26.640684708703382,30.0,20.0,0.9833333332108674
Metric,Fabric DurkeeSox,59.0,"Rect. Duct, W x H",30.0,30.0,30.0,59.0,0.6984702517640206,1.4128442662836835,32.79496019489487,30.0,30.0,0.6555555554739115
Metric,Fabric DurkeeSox,59.0,"Rect. Duct, W x H",50.0,0.0,30.0,59.0,0.2514492906350474,0.09791269925108873,54.658266991491445,50.0,50.0,0.2359999999706082
Metric,Fabric DurkeeSox,59.0,"Rect. Duct, W x H",50.0,20.0,30.0,59.0,0.6613394739828172,1.2228779950168764,33.70302187835241,50.0,20.0,0.5899999999265204
Metric,Fabric DurkeeSox,59.0,"Rect. Duct, W x H",50.0,30.0,30.0,59.0,0.425898730239717,0.3845981957709848,41.99793068775631,50.0,30.0,0.393333333284347
Metric,Fabric DurkeeSox,472.0,Air Velocity,3.0,0.0,30.0,472.0,3.0000000000000004,16.213292096394962,44.75745990112155,40.94299212604825,40.94299212604825,2.8156770620578655
Metric,Fabric DurkeeSox,472.0,Air Velocity,3.0,20.0,30.0,472.0,3.0000000000000004,16.213292096394962,44.75745990112155,96.51608064219704,20.0,2.4451883914091352
Metric,Fabric DurkeeSox,472.0,Air Velocity,3.0,30.0,30.0,472.0,3.0000000000000004,16.213292096394962,44.75745990112155,57.33671597650357,30.0,2.74402414986958
Metric,Fabric DurkeeSox,472.0,Air Velocity,4.5,0.0,30.0,472.0,4.499999999999999,47.96643333536904,36.54431298027555,33.42981308386921,33.42981308386921,4.2235155930867965
Metric,Fabric DurkeeSox,472.0,Air Velocity,4.5,20.0,30.0,472.0,4.499999999999999,47.96643333536904,36.54431298027555,60.05075980071284,20.0,3.9300085586561835
Metric,Fabric DurkeeSox,472.0,Air Velocity,4.5,30.0,30.0,472.0,4.499999999999999,47.96643333536904,36.54431298027555,37.36387260928222,30.0,4.210841176956932
Metric,Fabric DurkeeSox,472.0,Air Velocity,7.0,0.0,30.0,472.0,6.999999999999999,157.19982022733038,29.300635415834325,26.803480085085297,26.803480085085297,6.569913144801685
Metric,Fabric DurkeeSox,472.0,Air Velocity,7.0,20.0,30.0,472.0,6.999999999999999,157.19982022733038,29.300635415834325,36.74918978610976,20.0,6.421910288204777
Metric,Fabric DurkeeSox,472.0,Air Velocity,7.0,30.0,30.0,472.0,6.999999999999999,157.19982022733038,29.300635415834325,24.021444556629874,30.0,6.549703242984822
Metric,Fabric DurkeeSox,472.0,Friction Loss,10.0,0.0,30.0,472.0,2.502773872021866,9.999999999999998,49.00216319968334,44.8259393289138,44.8259393289138,2.3490009943232377
Metric,Fabric DurkeeSox,472.0,Friction Loss,10.0,20.0,30.0,472.0,2.502773872021866,9.999999999999998,49.00216319968334,120.11569503149506,20.0,1.9647723797354502
Metric,Fabric DurkeeSox,472.0,Friction Loss,10.0,30.0,30.0,472.0,2.502773872021866,9.999999999999998,49.00216319968334,69.95876587721942,30.0,2.2489438076976005
Metric,Fabric DurkeeSox,472.0,Friction Loss,20.0,0.0,30.0,472.0,3.2453106577994624,19.999999999999996,43.03263308952807,39.36516419028331,39.36516419028331,3.045915592805956
Metric,Fabric DurkeeSox,472.0,Friction Loss,20.0,20.0,30.0,472.0,3.2453106577994624,19.999999999999996,43.03263308952807,87.8870961056323,20.0,2.6852633711660885
Metric,Fabric DurkeeSox,472.0,Friction Loss,20.0,30.0,30.0,472.0,3.2453106577994624,19.999999999999996,43.03263308952807,52.67356628061995,30.0,2.986950465353739
Metric,Fabric DurkeeSox,472.0,Friction Loss,40.0,0.0,30.0,472.0,4.2051198676781345,39.99999999999999,37.803922888493375,34.58207236462349,34.58207236462349,3.9467531848750417
Metric,Fabric DurkeeSox,472.0,Friction Loss,40.0,20.0,30.0,472.0,4.2051198676781345,39.99999999999999,37.803922888493375,64.90818244710049,20.0,3.635905229097206
Metric,Fabric DurkeeSox,472.0,Friction Loss,40.0,30.0,30.0,472.0,4.2051198676781345,39.99999999999999,37.803922888493375,40.07261709165205,30.0,3.926205592060384
Metric,Fabric DurkeeSox,472.0,Round Duct Dia.,15.0,0.0,30.0,472.0,26.70973622400672,5921.668935105194,15.0,13.721620557723705,13.721620557723705,25.068663873183922
Metric,Fabric DurkeeSox,472.0,Round Duct Dia.,15.0,20.0,30.0,472.0,26.70973622400672,5921.668935105194,15.0,9.718967811337514,20.0,24.28241399208113
Metric,Fabric DurkeeSox,472.0,Round Duct Dia.,15.0,30.0,30.0,472.0,26.70973622400672,5921.668935105194,15.0,7.078906272507103,30.0,22.22565566728669
Metric,Fabric DurkeeSox,472.0,Round Duct Dia.,35.0,0.0,30.0,472.0,4.905869918695113,60.46680781927094,35.0,32.01711463468864,32.01711463468864,4.60444846650317
Metric,Fabric DurkeeSox,472.0,Round Duct Dia.,35.0,20.0,30.0,472.0,4.905869918695113,60.46680781927094,35.0,54.43538293507228,20.0,4.3354154457239105
Metric,Fabric DurkeeSox,472.0,Round Duct Dia.,35.0,30.0,30.0,472.0,4.905869918695113,60.46680781927094,35.0,34.20662127117956,30.0,4.599499379563055
Metric,Fabric DurkeeSox,472.0,Round Duct Dia.,50.0,0.0,30.0,472.0,2.4038762601606045,8.9818307922502,50.0,45.73873519241235,45.73873519241235,2.2561797485865527
Metric,Fabric DurkeeSox,472.0,Round Duct Dia.,50.0,20.0,30.0,472.0,2.4038762601606045,8.9818307922502,50.0,126.16993047274565,20.0,1.8704932235940896
Metric,Fabric DurkeeSox,472.0,Round Duct Dia.,50.0,30.0,30.0,472.0,2.4038762601606045,8.9818307922502,50.0,73.17228286832102,30.0,2.1501766399289726
Metric,Fabric DurkeeSox,472.0,"Rect. Duct, W x H",20.0,0.0,30.0,472.0,12.572464531752376,764.024331948233,21.863306796596575,20.0,20.0,11.799999998530408
Metric,Fabric DurkeeSox,472.0,"Rect. Duct, W x H",20.0,20.0,30.0,472.0,12.572464531752376,764.024331948233,21.863306796596575,20.0,20.0,11.799999998530408
Metric,Fabric DurkeeSox,472.0,"Rect. Duct, W x H",20.0,30.0,30.0,472.0,8.467619839467533,262.55197037847773,26.640684708703382,20.0,30.0,7.866666665686939
Metric,Fabric DurkeeSox,472.0,"Rect. Duct, W x H",30.0,0.0,30.0,472.0,5.587762014112164,85.75598989308531,32.79496019489487,30.0,30.0,5.244444443791292
Metric,Fabric DurkeeSox,472.0,"Rect. Duct, W x H",30.0,20.0,30.0,472.0,8.467619839467533,262.55197037847773,26.640684708703382,30.0,20.0,7.866666665686939
Metric,Fabric DurkeeSox,472.0,"Rect. Duct, W x H",30.0,30.0,30.0,472.0,5.587762014112164,85.75598989308531,32.79496019489487,30.0,30.0,5.244444443791292
Metric,Fabric DurkeeSox,472.0,"Rect. Duct, W x H",50.0,0.0,30.0,472.0,2.011594325080379,5.591830206229944,54.658266991491445,50.0,50.0,1.8879999997648655
Metric,Fabric DurkeeSox,472.0,"Rect. Duct, W x H",50.0,20.0,30.0,472.0,5.290715791862538,74.05408499980527,33.70302187835241,50.0,20.0,4.719999999412163
Metric,Fabric DurkeeSox,472.0,"Rect. Duct, W x H",50.0,30.0,30.0,472.0,3.407189841917736,22.77842643949908,41.99793068775631,50.0,30.0,3.146666666274776
Metric,Flex,59.0,Air Velocity,3.0,0.0,30.0,59.0,3.0,45.65967678997425,15.824151702384018,14.475533687198073,14.475533687198073,2.815677062057865
Metric,Flex,59.0,Air Velocity,3.0,20.0,30.0,59.0,3.0,45.65967678997425,15.824151702384018,10.729961035452957,20.0,2.749311008572614
Metric,Flex,59.0,Air Velocity,3.0,30.0,30.0,59.0,3.0,45.65967678997425,15.824151702384018,7.768437758251226,30.0,2.531611538411111
Metric,Flex,59.0,Air Velocity,4.5,0.0,30.0,59.0,4.499999999999999,133.83747238159341,12.920365761078207,11.819223762701347,11.819223762701347,4.223515593086796
Metric,Flex,59.0,Air Velocity,4.5,20.0,30.0,59.0,4.499999999999999,133.83747238159341,12.920365761078207,7.410875103791111,20.0,3.9806365082626995
Metric,Flex,59.0,Air Velocity,4.5,30.0,30.0,59.0,4.499999999999999,133.83747238159341,12.920365761078207,5.477606090045276,30.0,3.5903762229194527
Metric,Flex,59.0,Air Velocity,7.0,0.0,30.0,59.0,7.000000000000002,435.2207958140839,10.359338997805581,9.476461263781195,9.476461263781195,6.569913144801687
Metric,Flex,59.0,Air Velocity,7.0,20.0,30.0,59.0,7.000000000000002,435.2207958140839,10.359338997805581,5.017526315601374,20.0,5.879391186170651
Metric,Flex,59.0,Air Velocity,7.0,30.0,30.0,59.0,7.000000000000002,435.2207958140839,10.359338997805581,3.7715607417303127,30.0,5.214463722303647
Metric,Flex,59.0,Friction Loss,10.0,0.0,30.0,59.0,1.6838547154180215,9.999999999999998,21.12169448096563,19.321591813598484,19.321591813598484,1.5803970326801657
Metric,Flex,59.0,Friction Loss,10.0,20.0,30.0,59.0,1.6838547154180215,9.999999999999998,21.12169448096563,18.671705091805833,20.0,1.579930694667636
Metric,Flex,59.0,Friction Loss,10.0,30.0,30.0,59.0,1.6838547154180215,9.999999999999998,21.12169448096563,12.985687339175081,30.0,1.514487924323202
Metric,Flex,59.0,Friction Loss,20.0,0.0,30.0,59.0,2.193457707772955,19.999999999999996,18.506165108113876,16.928971706141635,16.928971706141635,2.0586895181234435
Metric,Flex,59.0,Friction Loss,20.0,20.0,30.0,59.0,2.193457707772955,19.999999999999996,18.506165108113876,14.425027550678394,20.0,2.0450567524176875
Metric,Flex,59.0,Friction Loss,20.0,30.0,30.0,59.0,2.193457707772955,19.999999999999996,18.506165108113876,10.235772145769264,30.0,1.9213662031687706
Metric,Flex,59.0,Friction Loss,40.0,0.0,30.0,59.0,2.853455761554495,39.99999999999999,16.225403027624964,14.842588249414074,14.842588249414074,2.6781366451352824
Metric,Flex,59.0,Friction Loss,40.0,20.0,30.0,59.0,2.853455761554495,39.99999999999999,16.225403027624964,11.24276746784491,20.0,2.6239091114085613
Metric,Flex,59.0,Friction Loss,40.0,30.0,30.0,59.0,2.853455761554495,39.99999999999999,16.225403027624964,8.115653956045303,30.0,2.4233002997334263
Metric,Flex,59.0,Round Duct Dia.,15.0,0.0,30.0,59.0,3.33871702800084,60.5980721507143,15.0,13.721620557723705,13.721620557723705,3.1335829841479903
Metric,Flex,59.0,Round Duct Dia.,15.0,20.0,30.0,59.0,3.33871702800084,60.5980721507143,15.0,9.718967811337514,20.0,3.035301749010141
Metric,Flex,59.0,Round Duct Dia.,15.0,30.0,30.0,59.0,3.33871702800084,60.5980721507143,15.0,7.078906272507103,30.0,2.7782069584108364
Metric,Flex,59.0,Round Duct Dia.,35.0,0.0,30.0,59.0,0.6132337398368891,0.7360348603381575,35.0,32.01711463468864,32.01711463468864,0.5755560583128962
Metric,Flex,59.0,Round Duct Dia.,35.0,20.0,30.0,59.0,0.6132337398368891,0.7360348603381575,35.0,54.43538293507228,20.0,0.5419269307154888
Metric,Flex,59.0,Round Duct Dia.,35.0,30.0,30.0,59.0,0.6132337398368891,0.7360348603381575,35.0,34.20662127117956,30.0,0.5749374224453819
Metric,Flex,59.0,Round Duct Dia.,50.0,0.0,30.0,59.0,0.30048453252007556,0.12182683082545598,50.0,45.73873519241235,45.73873519241235,0.2820224685733191
Metric,Flex,59.0,Round Duct Dia.,50.0,20.0,30.0,59.0,0.30048453252007556,0.12182683082545598,50.0,126.16993047274565,20.0,0.2338116529492612
Metric,Flex,59.0,Round Duct Dia.,50.0,30.0,30.0,59.0,0.30048453252007556,0.12182683082545598,50.0,73.17228286832102,30.0,0.26877207999112157
Metric,Flex,59.0,"Rect. Duct, W x H",20.0,0.0,30.0,59.0,1.571558066469047,8.3500791422245,21.863306796596575,20.0,20.0,1.474999999816301
Metric,Flex,59.0,"Rect. Duct, W x H",20.0,20.0,30.0,59.0,1.571558066469047,8.3500791422245,21.863306796596575,20.0,20.0,1.474999999816301
Metric,Flex,59.0,"Rect. Duct, W x H",20.0,30.0,30.0,59.0,1.0584524799334416,2.9894149848875395,26.640684708703382,20.0,30.0,0.9833333332108674
Metric,Flex,59.0,"Rect. Duct, W x H",30.0,0.0,30.0,59.0,0.6984702517640206,1.0261414312493804,32.79496019489487,30.0,30.0,0.6555555554739115
Metric,Flex,59.0,"Rect. Duct, W x H",30.0,20.0,30.0,59.0,1.0584524799334416,2.9894149848875395,26.640684708703382,30.0,20.0,0.9833333332108674
Metric,Flex,59.0,"Rect. Duct, W x H",30.0,30.0,30.0,59.0,0.6984702517640206,1.0261414312493804,32.79496019489487,30.0,30.0,0.6555555554739115
Metric,Flex,59.0,"Rect. Duct, W x H",50.0,0.0,30.0,59.0,0.2514492906350474,0.07821332638556433,54.658266991491445,50.0,50.0,0.2359999999706082
Metric,Flex,59.0,"Rect. Duct, W x H",50.0,20.0,30.0,59.0,0.6613394739828172,0.8924263001793284,33.70302187835241,50.0,20.0,0.5899999999265204
Metric,Flex,59.0,"Rect. Duct, W x H",50.0,30.0,30.0,59.0,0.425898730239717,0.2921456994719355,41.99793068775631,50.0,30.0,0.393333333284347
Metric,Flex,472.0,Air Velocity,3.0,0.0,30.0,472.0,3.0000000000000004,11.396986835292614,44.75745990112155,40.94299212604825,40.94299212604825,2.8156770620578655
Metric,Flex,472.0,Air Velocity,3.0,20.0,30.0,472.0,3.0000000000000004,11.396986835292614,44.75745990112155,96.51608064219704,20.0,2.4451883914091352
Metric,Flex,472.0,Air Velocity,3.0,30.0,30.0,472.0,3.0000000000000004,11.396986835292614,44.75745990112155,57.33671597650357,30.0,2.74402414986958
Metric,Flex,472.0,Air Velocity,4.5,0.0,30.0,472.0,4.499999999999999,33.03497408741763,36.54431298027555,33.42981308386921,33.42981308386921,4.2235155930867965
Metric,Flex,472.0,Air Velocity,4.5,20.0,30.0,472.0,4.499999999999999,33.03497408741763,36.54431298027555,60.05075980071284,20.0,3.9300085586561835
Metric,Flex,472.0,Air Velocity,4.5,30.0,30.0,472.0,4.499999999999999,33.03497408741763,36.54431298027555,37.36387260928222,30.0,4.210841176956932
Metric,Flex,472.0,Air Velocity,7.0,0.0,30.0,472.0,6.999999999999999,105.9913431800708,29.300635415834325,26.803480085085297,26.803480085085297,6.569913144801685
Metric,Flex,472.0,Air Velocity,7.0,20.0,30.0,472.0,6.999999999999999,105.9913431800708,29.300635415834325,36.74918978610976,20.0,6.421910288204777
Metric,Flex,472.0,Air Velocity,7.0,30.0,30.0,472.0,6.999999999999999,105.9913431800708,29.300635415834325,24.021444556629874,30.0,6.549703242984822
Metric,Flex,472.0,Friction Loss,10.0,0.0,30.0,472.0,2.853744753255176,9.999999999999998,45.89004627081504,41.979053486967175,41.979053486967175,2.67840788090286
Metric,Flex,472.0,Friction Loss,10.0,20.0,30.0,472.0,2.853744753255176,9.999999999999998,45.89004627081504,102.47900264520462,20.0,2.3029107805397975
Metric,Flex,472.0,Friction Loss,10.0,30.0,30.0,472.0,2.853744753255176,9.999999999999998,45.89004627081504,60.542427076213556,30.0,2.5987285431368723
Metric,Flex,472.0,Friction Loss,20.0,0.0,30.0,472.0,3.7178885301945637,19.999999999999996,40.204797246613,36.778331494549214,36.778331494549214,3.489457817918954
Metric,Flex,472.0,Friction Loss,20.0,20.0,30.0,472.0,3.7178885301945637,19.999999999999996,40.204797246613,74.88233753622258,20.0,3.1516110171700866
Metric,Flex,472.0,Friction Loss,20.0,30.0,30.0,472.0,3.7178885301945637,19.999999999999996,40.204797246613,45.58033443543977,30.0,3.451781020531707
Metric,Flex,472.0,Friction Loss,40.0,0.0,30.0,472.0,4.839157379176326,39.99999999999999,35.24042889506291,32.23705290596638,32.23705290596638,4.541834810744945
Metric,Flex,472.0,Friction Loss,40.0,20.0,30.0,472.0,4.839157379176326,39.99999999999999,35.24042889506291,55.28546957020377,20.0,4.268752744713973
Metric,Flex,472.0,Friction Loss,40.0,30.0,30.0,472.0,4.839157379176326,39.99999999999999,35.24042889506291,34.68652637910409,30.0,4.535863049363161
Metric,Flex,472.0,Round Duct Dia.,15.0,0.0,30.0,472.0,26.70973622400672,3743.0727008925523,15.0,13.721620557723705,13.721620557723705,25.068663873183922
Metric,Flex,472.0,Round Duct Dia.,15.0,20.0,30.0,472.0,26.70973622400672,3743.0727008925523,15.0,9.718967811337514,20.0,24.28241399208113
Metric,Flex,472.0,Round Duct Dia.,15.0,30.0,30.0,472.0,26.70973622400672,3743.0727008925523,15.0,7.078906272507103,30.0,22.22565566728669
Metric,Flex,472.0,Round Duct Dia.,35.0,0.0,30.0,472.0,4.905869918695113,41.46904144296551,35.0,32.01711463468864,32.01711463468864,4.60444846650317
Metric,Flex,472.0,Round Duct Dia.,35.0,20.0,30.0,472.0,4.905869918695113,41.46904144296551,35.0,54.43538293507228,20.0,4.3354154457239105
Metric,Flex,472.0,Round Duct Dia.,35.0,30.0,30.0,472.0,4.905869918695113,41.46904144296551,35.0,34.20662127117956,30.0,4.599499379563055
Metric,Flex,472.0,Round Duct Dia.,50.0,0.0,30.0,472.0,2.4038762601606045,6.388619607622705,50.0,45.73873519241235,45.73873519241235,2.2561797485865527
Metric,Flex,472.0,Round Duct Dia.,50.0,20.0,30.0,472.0,2.4038762601606045,6.388619607622705,50.0,126.16993047274565,20.0,1.8704932235940896
Metric,Flex,472.0,Round Duct Dia.,50.0,30.0,30.0,472.0,2.4038762601606045,6.388619607622705,50.0,73.17228286832102,30.0,2.1501766399289726
Metric,Flex,472.0,"Rect. Duct, W x H",20.0,0.0,30.0,472.0,12.572464531752376,501.0935969358333,21.863306796596575,20.0,20.0,11.799999998530408
Metric,Flex,472.0,"Rect. Duct, W x H",20.0,20.0,30.0,472.0,12.572464531752376,501.0935969358333,21.863306796596575,20.0,20.0,11.799999998530408
Metric,Flex,472.0,"Rect. Duct, W x H",20.0,30.0,30.0,472.0,8.467619839467533,175.4412461752593,26.640684708703382,20.0,30.0,7.866666665686939
Metric,Flex,472.0,"Rect. Duct, W x H",30.0,0.0,30.0,472.0,5.587762014112164,58.444501865211016,32.79496019489487,30.0,30.0,5.244444443791292
Metric,Flex,472.0,"Rect. Duct, W x H",30.0,20.0,30.0,472.0,8.467619839467533,175.4412461752593,26.640684708703382,30.0,20.0,7.866666665686939
Metric,Flex,472.0,"Rect. Duct, W x H",30.0,30.0,30.0,472.0,5.587762014112164,58.444501865211016,32.79496019489487,30.0,30.0,5.244444443791292
Metric,Flex,472.0,"Rect. Duct, W x H",50.0,0.0,30.0,472.0,2.011594325080379,4.016922584615896,54.658266991491445,50.0,50.0,1.8879999997648655
Metric,Flex,472.0,"Rect. Duct, W x H",50.0,20.0,30.0,472.0,5.290715791862538,50.60217776476799,33.70302187835241,50.0,20.0,4.719999999412163
Metric,Flex,472.0,"Rect. Duct, W x H",50.0,30.0,30.0,472.0,3.407189841917736,15.907205405200651,41.99793068775631,50.0,30.0,3.146666666274776
Metric,Metal,59.0,Air Velocity,3.0,0.0,30.0,59.0,3.0,25.11552049355104,15.824151702384018,14.475533687198073,14.475533687198073,2.815677062057865
Metric,Metal,59.0,Air Velocity,3.0,20.0,30.0,59.0,3.0,25.11552049355104,15.824151702384018,10.729961035452957,20.0,2.749311008572614
Metric,Metal,59.0,Air Velocity,3.0,30.0,30.0,59.0,3.0,25.11552049355104,15.824151702384018,7.768437758251226,30.0,2.531611538411111
Metric,Metal,59.0,Air Velocity,4.5,0.0,30.0,59.0,4.499999999999999,67.66974653400254,12.920365761078207,11.819223762701347,11.819223762701347,4.223515593086796
Metric,Metal,59.0,Air Velocity,4.5,20.0,30.0,59.0,4.499999999999999,67.66974653400254,12.920365761078207,7.410875103791111,20.0,3.9806365082626995
Metric,Metal,59.0,Air Velocity,4.5,30.0,30.0,59.0,4.499999999999999,67.66974653400254,12.920365761078207,5.477606090045276,30.0,3.5903762229194527
Metric,Metal,59.0,Air Velocity,7.0,0.0,30.0,59.0,7.000000000000002,201.23822946305935,10.359338997805581,9.476461263781195,9.476461263781195,6.569913144801687
Metric,Metal,59.0,Air Velocity,7.0,20.0,30.0,59.0,7.000000000000002,201.23822946305935,10.359338997805581,5.017526315601374,20.0,5.879391186170651
Metric,Metal,59.0,Air Velocity,7.0,30.0,30.0,59.0,7.000000000000002,201.23822946305935,10.359338997805581,3.7715607417303127,30.0,5.214463722303647
Metric,Metal,59.0,Friction Loss,10.0,0.0,30.0,59.0,2.0526337472224596,9.999999999999998,19.13045646484155,17.50005764710721,17.50005764710721,1.9265179196200533
Metric,Metal,59.0,Friction Loss,10.0,20.0,30.0,59.0,2.0526337472224596,9.999999999999998,19.13045646484155,15.378626967968689,20.0,1.918246671680767
Metric,Metal,59.0,Friction Loss,10.0,30.0,30.0,59.0,2.0526337472224596,9.999999999999998,19.13045646484155,10.860543782162381,30.0,1.8108362765885035
Metric,Metal,59.0,Friction Loss,20.0,0.0,30.0,59.0,2.7318854277193583,19.999999999999996,16.58249306459131,15.169245182227122,15.169245182227122,2.5640357116665125
Metric,Metal,59.0,Friction Loss,20.0,20.0,30.0,59.0,2.7318854277193583,19.999999999999996,16.58249306459131,11.710694799821866,20.0,2.519064880486404
Metric,Metal,59.0,Friction Loss,20.0,30.0,30.0,59.0,2.7318854277193583,19.999999999999996,16.58249306459131,8.431057145087726,30.0,2.33264539971431
Metric,Metal,59.0,Friction Loss,40.0,0.0,30.0,59.0,3.6306289897921724,39.99999999999999,14.384346283836491,13.158436111847157,13.158436111847157,3.4075595891333803
Metric,Metal,59.0,Friction Loss,40.0,20.0,30.0,59.0,3.6306289897921724,39.99999999999999,14.384346283836491,9.000036382248112,20.0,3.277764527098194
Metric,Metal,59.0,Friction Loss,40.0,30.0,30.0,59.0,3.6306289897921724,39.99999999999999,14.384346283836491,6.58433068757906,30.0,2.98688926747214
Metric,Metal,59.0,Round Duct Dia.,15.0,0.0,30.0,59.0,3.33871702800084,32.59674569023693,15.0,13.721620557723705,13.721620557723705,3.1335829841479903
Metric,Metal,59.0,Round Duct Dia.,15.0,20.0,30.0,59.0,3.33871702800084,32.59674569023693,15.0,9.718967811337514,20.0,3.035301749010141
Metric,Metal,59.0,Round Duct Dia.,15.0,30.0,30.0,59.0,3.33871702800084,32.59674569023693,15.0,7.078906272507103,30.0,2.7782069584108364
Metric,Metal,59.0,Round Duct Dia.,35.0,0.0,30.0,59.0,0.6132337398368891,0.5507093840475965,35.0,32.01711463468864,32.01711463468864,0.5755560583128962
Metric,Metal,59.0,Round Duct Dia.,35.0,20.0,30.0,59.0,0.6132337398368891,0.5507093840475965,35.0,54.43538293507228,20.0,0.5419269307154888
Metric,Metal,59.0,Round Duct Dia.,35.0,30.0,30.0,59.0,0.6132337398368891,0.5507093840475965,35.0,34.20662127117956,30.0,0.5749374224453819
Metric,Metal,59.0,Round Duct Dia.,50.0,0.0,30.0,59.0,0.30048453252007556,0.10107463241670227,50.0,45.73873519241235,45.73873519241235,0.2820224685733191
Metric,Metal,59.0,Round Duct Dia.,50.0,20.0,30.0,59.0,0.30048453252007556,0.10107463241670227,50.0,126.16993047274565,20.0,0.2338116529492612
Metric,Metal,59.0,Round Duct Dia.,50.0,30.0,30.0,59.0,0.30048453252007556,0.10107463241670227,50.0,73.17228286832102,30.0,0.26877207999112157
Metric,Metal,59.0,"Rect. Duct, W x H",20.0,0.0,30.0,59.0,1.571558066469047,5.248235178144557,21.863306796596575,20.0,20.0,1.474999999816301
Metric,Metal,59.0,"Rect. Duct, W x H",20.0,20.0,30.0,59.0,1.571558066469047,5.248235178144557,21.863306796596575,20.0,20.0,1.474999999816301
Metric,Metal,59.0,"Rect. Duct, W x H",20.0,30.0,30.0,59.0,1.0584524799334416,2.0300275275085387,26.640684708703382,20.0,30.0,0.9833333332108674
Metric,Metal,59.0,"Rect. Duct, W x H",30.0,0.0,30.0,59.0,0.6984702517640206,0.7511662071279426,32.79496019489487,30.0,30.0,0.6555555554739115
Metric,Metal,59.0,"Rect. Duct, W x H",30.0,20.0,30.0,59.0,1.0584524799334416,2.0300275275085387,26.640684708703382,30.0,20.0,0.9833333332108674
Metric,Metal,59.0,"Rect. Duct, W x H",30.0,30.0,30.0,59.0,0.6984702517640206,0.7511662071279426,32.79496019489487,30.0,30.0,0.6555555554739115
Metric,Metal,59.0,"Rect. Duct, W x H",50.0,0.0,30.0,59.0,0.2514492906350474,0.06627969076939157,54.658266991491445,50.0,50.0,0.2359999999706082
Metric,Metal,59.0,"Rect. Duct, W x H",50.0,20.0,30.0,59.0,0.6613394739828172,0.6593738188913059,33.70302187835241,50.0,20.0,0.5899999999265204
Metric,Metal,59.0,"Rect. Duct, W x H",50.0,30.0,30.0,59.0,0.425898730239717,0.23127788923224651,41.99793068775631,50.0,30.0,0.393333333284347
Metric,Metal,472.0,Air Velocity,3.0,0.0,30.0,472.0,3.0000000000000004,6.934667101075608,44.75745990112155,40.94299212604825,40.94299212604825,2.8156770620578655
Metric,Metal,472.0,Air Velocity,3.0,20.0,30.0,472.0,3.0000000000000004,6.934667101075608,44.75745990112155,96.51608064219704,20.0,2.4451883914091352
Metric,Metal,472.0,Air Velocity,3.0,30.0,30.0,472.0,3.0000000000000004,6.934667101075608,44.75745990112155,57.33671597650357,30.0,2.74402414986958
Metric,Metal,472.0,Air Velocity,4.5,0.0,30.0,472.0,4.499999999999999,18.699404892009493,36.54431298027555,33.42981308386921,33.42981308386921,4.2235155930867965
Metric,Metal,472.0,Air Velocity,4.5,20.0,30.0,472.0,4.499999999999999,18.699404892009493,36.54431298027555,60.05075980071284,20.0,3.9300085586561835
Metric,Metal,472.0,Air Velocity,4.5,30.0,30.0,472.0,4.499999999999999,18.699404892009493,36.54431298027555,37.36387260928222,30.0,4.210841176956932
Metric,Metal,472.0,Air Velocity,7.0,0.0,30.0,472.0,6.999999999999999,55.57553646851222,29.300635415834325,26.803480085085297,26.803480085085297,6.569913144801685
Metric,Metal,472.0,Air Velocity,7.0,20.0,30.0,472.0,6.999999999999999,55.57553646851222,29.300635415834325,36.74918978610976,20.0,6.421910288204777
Metric,Metal,472.0,Air Velocity,7.0,30.0,30.0,472.0,6.999999999999999,55.57553646851222,29.300635415834325,24.021444556629874,30.0,6.549703242984822
Metric,Metal,472.0,Friction Loss,10.0,0.0,30.0,472.0,3.485308394016046,9.999999999999998,41.524599505822316,37.98565321535567,37.98565321535567,3.271167633076239
Metric,Metal,472.0,Friction Loss,10.0,20.0,30.0,472.0,3.485308394016046,9.999999999999998,41.524599505822316,80.77870156705764,20.0,2.9215621864718275
Metric,Metal,472.0,Friction Loss,10.0,30.0,30.0,472.0,3.485308394016046,9.999999999999998,41.524599505822316,48.807285304829136,30.0,3.223562472919832
Metric,Metal,472.0,Friction Loss,20.0,0.0,30.0,472.0,4.624922057461565,19.999999999999996,36.047392018912625,32.97524235860245,32.97524235860245,4.340762316999998
Metric,Metal,472.0,Friction Loss,20.0,20.0,30.0,472.0,4.624922057461565,19.999999999999996,36.047392018912625,58.203533367502324,20.0,4.054736651132209
Metric,Metal,472.0,Friction Loss,20.0,30.0,30.0,472.0,4.624922057461565,19.999999999999996,36.047392018912625,36.32851553348531,30.0,4.33084949944401
Metric,Metal,472.0,Friction Loss,40.0,0.0,30.0,472.0,6.128270373772274,39.99999999999999,31.315337722500512,28.64647879100824,28.64647879100824,5.751743440506457
Metric,Metal,472.0,Friction Loss,40.0,20.0,30.0,472.0,6.128270373772274,39.99999999999999,31.315337722500512,42.47783706142268,20.0,5.555838439451464
Metric,Metal,472.0,Friction Loss,40.0,30.0,30.0,472.0,6.128270373772274,39.99999999999999,31.315337722500512,27.368433302348887,30.0,5.748715374958481
Metric,Metal,472.0,Round Duct Dia.,15.0,0.0,30.0,472.0,26.70973622400672,1604.3360986067114,15.0,13.721620557723705,13.721620557723705,25.068663873183922
Metric,Metal,472.0,Round Duct Dia.,15.0,20.0,30.0,472.0,26.70973622400672,1604.3360986067114,15.0,9.718967811337514,20.0,24.28241399208113
Metric,Metal,472.0,Round Duct Dia.,15.0,30.0,30.0,472.0,26.70973622400672,1604.3360986067114,15.0,7.078906272507103,30.0,22.22565566728669
Metric,Metal,472.0,Round Duct Dia.,35.0,0.0,30.0,472.0,4.905869918695113,23.119185866234126,35.0,32.01711463468864,32.01711463468864,4.60444846650317
Metric,Metal,472.0,Round Duct Dia.,35.0,20.0,30.0,472.0,4.905869918695113,23.119185866234126,35.0,54.43538293507228,20.0,4.3354154457239105
Metric,Metal,472.0,Round Duct Dia.,35.0,30.0,30.0,472.0,4.905869918695113,23.119185866234126,35.0,34.20662127117956,30.0,4.599499379563055
Metric,Metal,472.0,Round Duct Dia.,50.0,0.0,30.0,472.0,2.4038762601606045,4.044107432447395,50.0,45.73873519241235,45.73873519241235,2.2561797485865527
Metric,Metal,472.0,Round Duct Dia.,50.0,20.0,30.0,472.0,2.4038762601606045,4.044107432447395,50.0,126.16993047274565,20.0,1.8704932235940896
Metric,Metal,472.0,Round Duct Dia.,50.0,30.0,30.0,472.0,2.4038762601606045,4.044107432447395,50.0,73.17228286832102,30.0,2.1501766399289726
Metric,Metal,472.0,"Rect. Duct, W x H",20.0,0.0,30.0,472.0,12.572464531752376,239.03193991069017,21.863306796596575,20.0,20.0,11.799999998530408
Metric,Metal,472.0,"Rect. Duct, W x H",20.0,20.0,30.0,472.0,12.572464531752376,239.03193991069017,21.863306796596575,20.0,20.0,11.799999998530408
Metric,Metal,472.0,"Rect. Duct, W x H",20.0,30.0,30.0,472.0,8.467619839467533,89.11685413985427,26.640684708703382,20.0,30.0,7.866666665686939
Metric,Metal,472.0,"Rect. Duct, W x H",30.0,0.0,30.0,472.0,5.587762014112164,31.85117080246967,32.79496019489487,30.0,30.0,5.244444443791292
Metric,Metal,472.0,"Rect. Duct, W x H",30.0,20.0,30.0,472.0,8.467619839467533,89.11685413985427,26.640684708703382,30.0,20.0,7.866666665686939
Metric,Metal,472.0,"Rect. Duct, W x H",30.0,30.0,30.0,472.0,5.587762014112164,31.85117080246967,32.79496019489487,30.0,30.0,5.244444443791292
Metric,Metal,472.0,"Rect. Duct, W x H",50.0,0.0,30.0,472.0,2.011594325080379,2.6242643681607634,54.658266991491445,50.0,50.0,1.8879999997648655
Metric,Metal,472.0,"Rect. Duct, W x H",50.0,20.0,30.0,472.0,5.290715791862538,27.840568073108376,33.70302187835241,50.0,20.0,4.719999999412163
Metric,Metal,472.0,"Rect. Duct, W x H",50.0,30.0,30.0,472.0,3.407189841917736,9.461097436767771,41.99793068775631,50.0,30.0,3.146666666274776
